,product_name,product_id,prices,prompts,dalle_url
0,Adventure Awaits Play Tent,1,$39.99,"Adventure Awaits Play Tent, kid's toy",https://dalleproduse.blob.core.windows.net/private/images/cb03d633-ed95-4208-84ac-756bc0a65da9/generated_00.png?se=2023-06-18T01%3A11%3A46Z&sig=%2FNDyA6BSY8y5HPSS0nB0RgBFHvRE%2FTFZY%2BVUQvUrSV4%3D&ske=2023-06-24T00%3A35%3A53Z&skoid=09ba021e-c417-441c-b203-c81e5dcd7b7f&sks=b&skt=2023-06-17T00%3A35%3A53Z&sktid=33e01921-4d64-4f8c-a055-5bdaffd5e33d&skv=2020-10-02&sp=r&spr=https&sr=b&sv=2020-10-02
1,Amaze-Balls Maze Set,2,$29.99,"Amaze-Balls Maze Set, kid's toy",https://dalleproduse.blob.core.windows.net/private/images/3b3dab63-64c2-46c5-ad1a-a559adb51cd7/generated_00.png?se=2023-06-18T01%3A31%3A45Z&sig=ya9ee%2B3iMOwxDGRmQFqrHmCRdKZ7YE63DexiQPK6FA4%3D&ske=2023-06-23T15%3A43%3A41Z&skoid=09ba021e-c417-441c-b203-c81e5dcd7b7f&sks=b&skt=2023-06-16T15%3A43%3A41Z&sktid=33e01921-4d64-4f8c-a055-5bdaffd5e33d&skv=2020-10-02&sp=r&spr=https&sr=b&sv=2020-10-02
2,Animal Adventure Figurines,3,$12.99,"Animal Adventure Figurines, kid's toy",https://dalleproduse.blob.core.windows.net/private/images/a7b2fc2d-f166-489c-a11b-4b29873b32d7/generated_00.png?se=2023-06-18T01%3A31%3A53Z&sig=oYb1udL5CzxkoSN0iOP%2BlFYDjHdXChbV%2BNrVFIdqzHQ%3D&ske=2023-06-24T00%3A35%3A53Z&skoid=09ba021e-c417-441c-b203-c81e5dcd7b7f&sks=b&skt=2023-06-17T00%3A35%3A53Z&sktid=33e01921-4d64-4f8c-a055-5bdaffd5e33d&skv=2020-10-02&sp=r&spr=https&sr=b&sv=2020-10-02
3,Artistic Masterpieces Painting Kit,5,$29.99,"Artistic Masterpieces Painting Kit, kid's toy",https://dalleproduse.blob.core.windows.net/private/images/fa93b915-273f-4410-88b3-b456cfe6463b/generated_00.png?se=2023-06-18T01%3A12%3A02Z&sig=%2BOT2JdWlyKYwV%2FCt1Tew6PhYvTf0jAjh7wla%2F6V1HEg%3D&ske=2023-06-23T07%3A22%3A14Z&skoid=09ba021e-c417-441c-b203-c81e5dcd7b7f&sks=b&skt=2023-06-16T07%3A22%3A14Z&sktid=33e01921-4d64-4f8c-a055-5bdaffd5e33d&skv=2020-10-02&sp=r&spr=https&sr=b&sv=2020-10-02
4,Awesome Obstacle Course,6,$29.99,"Awesome Obstacle Course, kid's toy",https://dalleproduse.blob.core.windows.net/private/images/ae03d50c-df70-4f2f-b1f7-10fef6529ea1/generated_00.png?se=2023-06-18T01%3A12%3A02Z&sig=B%2FMaXi89TghXQsr100VVQeZyWYcO24IVN6%2BsF%2B2nXpU%3D&ske=2023-06-23T07%3A22%3A14Z&skoid=09ba021e-c417-441c-b203-c81e5dcd7b7f&sks=b&skt=2023-06-16T07%3A22%3A14Z&sktid=33e01921-4d64-4f8c-a055-5bdaffd5e33d&skv=2020-10-02&sp=r&spr=https&sr=b&sv=2020-10-02
5,Balancing Buddies Stacking Game,7,$14.99,"Balancing Buddies Stacking Game, kid's toy",https://dalleproduse.blob.core.windows.net/private/images/bc44616a-3dec-44c4-99be-3dc912580a6d/generated_00.png?se=2023-06-18T01%3A12%3A08Z&sig=0T81a1K3kU2S3gORWUhvFqnFAJ56GqEOAvaefbEMiaE%3D&ske=2023-06-23T15%3A43%3A41Z&skoid=09ba021e-c417-441c-b203-c81e5dcd7b7f&sks=b&skt=2023-06-16T15%3A43%3A41Z&sktid=33e01921-4d64-4f8c-a055-5bdaffd5e33d&skv=2020-10-02&sp=r&spr=https&sr=b&sv=2020-10-02
6,Banana Blast Game,8,$19.99,"Banana Blast Game, kid's toy",https://dalleproduse.blob.core.windows.net/private/images/cca7ddb4-e3c9-41aa-b444-da49d26591ce/generated_00.png?se=2023-06-18T01%3A12%3A29Z&sig=a72cCTsYXvmEZGCWQ8CgOslFRIII57EKwwWGCwgORL8%3D&ske=2023-06-23T15%3A43%3A41Z&skoid=09ba021e-c417-441c-b203-c81e5dcd7b7f&sks=b&skt=2023-06-16T15%3A43%3A41Z&sktid=33e01921-4d64-4f8c-a055-5bdaffd5e33d&skv=2020-10-02&sp=r&spr=https&sr=b&sv=2020-10-02
7,Bath Time Fun Play Set,9,$19.99,"Bath Time Fun Play Set, kid's toy",https://dalleproduse.blob.core.windows.net/private/images/0bd18d89-f91a-4d8a-951d-96f82474f4ee/generated_00.png?se=2023-06-18T01%3A32%3A01Z&sig=Q9VVxpyPmiPHwTa4w0NYxu8EGKoMemey5w6ImPow%2BGo%3D&ske=2023-06-23T15%3A43%3A41Z&skoid=09ba021e-c417-441c-b203-c81e5dcd7b7f&sks=b&skt=2023-06-16T15%3A43%3A41Z&sktid=33e01921-4d64-4f8c-a055-5bdaffd5e33d&skv=2020-10-02&sp=r&spr=https&sr=b&sv=2020-10-02
8,Batty Bat Cave Set,10,$29.99,"Batty Bat Cave Set, kid's toy",https://dalleproduse.blob.core.windows.net/private/images/4dddfca7-ee67-40fa-9ae3-d38a665e0610/generated_00.png?se=2023-06-18T01%3A32%3A09Z&sig=tNEgsdopHm4EgyZm%2FF%2F%2BLSlwBgXJ%2B56XkqOhtgl6LaQ%3D&ske=2023-06-23T07%3A22%3A14Z&skoid=09ba021e-c417-441c-b203-c81e5dcd7b7f&sks=b&skt=2023-06-16T07%3A22%3A14Z&sktid=33e01921-4d64-4f8c-a055-5bdaffd5e33d&skv=2020-10-02&sp=r&spr=https&sr=b&sv=2020-10-02
9,Beach Blast Play Set,11,$19.99,"Beach Blast Play Set, kid's toy",https://dalleproduse.blob.core.windows.net/private/images/96f3f147-3cf2-4c23-a250-b0200f4f4339/generated_00.png?se=2023-06-18T01%3A13%3A06Z&sig=R7Rq3In48u6Vh4ZaeINOygIFhX2re35iRSEwx8v7FOU%3D&ske=2023-06-23T07%3A22%3A14Z&skoid=09ba021e-c417-441c-b203-c81e5dcd7b7f&sks=b&skt=2023-06-16T07%3A22%3A14Z&sktid=33e01921-4d64-4f8c-a055-5bdaffd5e33d&skv=2020-10-02&sp=r&spr=https&sr=b&sv=2020-10-02
10,Beauty Boutique Vanity Set,12,$49.99,"Beauty Boutique Vanity Set, kid's toy",https://dalleproduse.blob.core.windows.net/private/images/33409a41-069a-4598-ae91-8eba6bb31983/generated_00.png?se=2023-06-18T01%3A13%3A06Z&sig=rsY%2BWFuJksLBR59N9%2FhiVVHYktf3ZnUCHFReYZ65XW8%3D&ske=2023-06-24T00%3A35%3A53Z&skoid=09ba021e-c417-441c-b203-c81e5dcd7b7f&sks=b&skt=2023-06-17T00%3A35%3A53Z&sktid=33e01921-4d64-4f8c-a055-5bdaffd5e33d&skv=2020-10-02&sp=r&spr=https&sr=b&sv=2020-10-02
11,Best Buddies Plush Animals,13,$19.99,"Best Buddies Plush Animals, kid's toy",https://dalleproduse.blob.core.windows.net/private/images/27c393b5-8097-420e-bb10-1c643986e4fe/generated_00.png?se=2023-06-18T01%3A13%3A11Z&sig=AApVXERp9c5a%2F3ZA6j%2FddG6rFvgUVxVVhe7sP1Bncz0%3D&ske=2023-06-23T15%3A43%3A41Z&skoid=09ba021e-c417-441c-b203-c81e5dcd7b7f&sks=b&skt=2023-06-16T15%3A43%3A41Z&sktid=33e01921-4d64-4f8c-a055-5bdaffd5e33d&skv=2020-10-02&sp=r&spr=https&sr=b&sv=2020-10-02
12,Bitty Builders Tool Set,14,$19.99,"Bitty Builders Tool Set, kid's toy",https://dalleproduse.blob.core.windows.net/private/images/3a30c3b3-5cb9-429f-bd59-ab209f6652d5/generated_00.png?se=2023-06-18T01%3A13%3A21Z&sig=hGd8RygoNLUsLu8qhRRdsfisuWvqAvkE9vYo0bI%2BS48%3D&ske=2023-06-23T07%3A22%3A14Z&skoid=09ba021e-c417-441c-b203-c81e5dcd7b7f&sks=b&skt=2023-06-16T07%3A22%3A14Z&sktid=33e01921-4d64-4f8c-a055-5bdaffd5e33d&skv=2020-10-02&sp=r&spr=https&sr=b&sv=2020-10-02
13,Blast-Off Rocket Ship,15,$29.99,"Blast-Off Rocket Ship, kid's toy",https://dalleproduse.blob.core.windows.net/private/images/32b4a061-fd41-4395-bf6c-89368c2f7c3e/generated_00.png?se=2023-06-18T01%3A13%3A37Z&sig=BJ6W4vTdU30H77gmzNCKJlUTZGAtZnDD%2BLm3BEoHiQE%3D&ske=2023-06-24T00%3A35%3A53Z&skoid=09ba021e-c417-441c-b203-c81e5dcd7b7f&sks=b&skt=2023-06-17T00%3A35%3A53Z&sktid=33e01921-4d64-4f8c-a055-5bdaffd5e33d&skv=2020-10-02&sp=r&spr=https&sr=b&sv=2020-10-02
14,Block Buddies Building Set,16,$19.99,"Block Buddies Building Set, kid's toy",https://dalleproduse.blob.core.windows.net/private/images/c220dc96-bf22-4381-a073-71211624e049/generated_00.png?se=2023-06-18T01%3A13%3A42Z&sig=b7i2ATQAVwgxgQ6dA1GcgvY3%2Bhrb3a6SHeV0ls%2BDqB8%3D&ske=2023-06-23T07%3A22%3A14Z&skoid=09ba021e-c417-441c-b203-c81e5dcd7b7f&sks=b&skt=2023-06-16T07%3A22%3A14Z&sktid=33e01921-4d64-4f8c-a055-5bdaffd5e33d&skv=2020-10-02&sp=r&spr=https&sr=b&sv=2020-10-02
15,Blossom Meadows Garden Set,17,$29.99,"Blossom Meadows Garden Set, kid's toy",https://dalleproduse.blob.core.windows.net/private/images/e9b1b827-e127-46b9-9999-0d389944068d/generated_00.png?se=2023-06-18T01%3A13%3A54Z&sig=z1Vjj7Rqo6Fj2KvCT%2F04O%2F5KbipOsHMk%2Bo48PkUjDxY%3D&ske=2023-06-24T00%3A35%3A53Z&skoid=09ba021e-c417-441c-b203-c81e5dcd7b7f&sks=b&skt=2023-06-17T00%3A35%3A53Z&sktid=33e01921-4d64-4f8c-a055-5bdaffd5e33d&skv=2020-10-02&sp=r&spr=https&sr=b&sv=2020-10-02
16,Bubble Bash Bubble Maker,19,$19.99,"Bubble Bash Bubble Maker, kid's toy",https://dalleproduse.blob.core.windows.net/private/images/e95f382d-75ba-4b19-a83e-34ef9bba9676/generated_00.png?se=2023-06-18T01%3A13%3A59Z&sig=nWeHZqKkKnsImJJDjTH88o7CSp2REY2EkymkuML6Bd8%3D&ske=2023-06-23T07%3A22%3A14Z&skoid=09ba021e-c417-441c-b203-c81e5dcd7b7f&sks=b&skt=2023-06-16T07%3A22%3A14Z&sktid=33e01921-4d64-4f8c-a055-5bdaffd5e33d&skv=2020-10-02&sp=r&spr=https&sr=b&sv=2020-10-02
17,Bug Brigade Insect Play Set,20,$19.99,"Bug Brigade Insect Play Set, kid's toy",https://dalleproduse.blob.core.windows.net/private/images/a3dc4aa5-d245-4ca2-b3b9-92b72b6b9dda/generated_00.png?se=2023-06-18T01%3A32%3A17Z&sig=B5VqfQrBJBQt793yVP6J3%2FkTLEveZ3S6QMtLLVRo1rM%3D&ske=2023-06-24T00%3A35%3A53Z&skoid=09ba021e-c417-441c-b203-c81e5dcd7b7f&sks=b&skt=2023-06-17T00%3A35%3A53Z&sktid=33e01921-4d64-4f8c-a055-5bdaffd5e33d&skv=2020-10-02&sp=r&spr=https&sr=b&sv=2020-10-02
18,Bumper Cars Race Set,22,$39.99,"Bumper Cars Race Set, kid's toy",https://dalleproduse.blob.core.windows.net/private/images/f3adf006-281e-496a-942e-f48db1e882f7/generated_00.png?se=2023-06-18T01%3A14%3A16Z&sig=FsyahhrkF9JJXFRBB5OV34%2B6Ly%2F7CFpfDwyC4NmTUd8%3D&ske=2023-06-23T15%3A43%3A41Z&skoid=09ba021e-c417-441c-b203-c81e5dcd7b7f&sks=b&skt=2023-06-16T15%3A43%3A41Z&sktid=33e01921-4d64-4f8c-a055-5bdaffd5e33d&skv=2020-10-02&sp=r&spr=https&sr=b&sv=2020-10-02
19,Busy Builders Block Set,23,$24.99,"Busy Builders Block Set, kid's toy",https://dalleproduse.blob.core.windows.net/private/images/69ca049d-7ae1-4955-9480-8f00e980b87d/generated_00.png?se=2023-06-18T01%3A14%3A26Z&sig=5KA26Dpsn3ihJOWJIV%2FI%2BKhgaB%2BuybrHkj9kqoH1FDQ%3D&ske=2023-06-23T07%3A22%3A14Z&skoid=09ba021e-c417-441c-b203-c81e5dcd7b7f&sks=b&skt=2023-06-16T07%3A22%3A14Z&sktid=33e01921-4d64-4f8c-a055-5bdaffd5e33d&skv=2020-10-02&sp=r&spr=https&sr=b&sv=2020-10-02
20,Candy Castle Playset,24,$29.99,"Candy Castle Playset, kid's toy",https://dalleproduse.blob.core.windows.net/private/images/4c21df08-70b5-4768-b4c2-04328ba258ea/generated_00.png?se=2023-06-18T01%3A14%3A46Z&sig=Tb28n2WL5ndLQOcLY0XXnQmglOr01PZ7agWtqzJoEA0%3D&ske=2023-06-23T07%3A22%3A14Z&skoid=09ba021e-c417-441c-b203-c81e5dcd7b7f&sks=b&skt=2023-06-16T07%3A22%3A14Z&sktid=33e01921-4d64-4f8c-a055-5bdaffd5e33d&skv=2020-10-02&sp=r&spr=https&sr=b&sv=2020-10-02
21,Car Crazy Road Race Set,25,$49.99,"Car Crazy Road Race Set, kid's toy",https://dalleproduse.blob.core.windows.net/private/images/391a5270-4640-443e-aba5-a3f21c551f3a/generated_00.png?se=2023-06-18T01%3A32%3A25Z&sig=SrQYUanKW%2FtJVCK1fACVhtf%2BOwBQLRuhf5kI3xYtnww%3D&ske=2023-06-24T00%3A35%3A53Z&skoid=09ba021e-c417-441c-b203-c81e5dcd7b7f&sks=b&skt=2023-06-17T00%3A35%3A53Z&sktid=33e01921-4d64-4f8c-a055-5bdaffd5e33d&skv=2020-10-02&sp=r&spr=https&sr=b&sv=2020-10-02
22,Castle Keep Playset,26,$49.99,"Castle Keep Playset, kid's toy",https://dalleproduse.blob.core.windows.net/private/images/afc98082-2fe9-48b1-b73c-0a3f6f58a8c2/generated_00.png?se=2023-06-18T01%3A15%3A07Z&sig=SSzHPUGmEyYfYcWm5%2FLnpESjLx2d0%2F3pU%2BLeOUoVt9Q%3D&ske=2023-06-23T07%3A22%3A14Z&skoid=09ba021e-c417-441c-b203-c81e5dcd7b7f&sks=b&skt=2023-06-16T07%3A22%3A14Z&sktid=33e01921-4d64-4f8c-a055-5bdaffd5e33d&skv=2020-10-02&sp=r&spr=https&sr=b&sv=2020-10-02
23,Chirping Birdhouse Set,28,$19.99,"Chirping Birdhouse Set, kid's toy",https://dalleproduse.blob.core.windows.net/private/images/aef08231-4734-4d9d-87dc-dd851b54400d/generated_00.png?se=2023-06-18T01%3A32%3A33Z&sig=diNHWYzFwv2f%2BMebyfHEmzicjfvVvwLXghlai4B3iCQ%3D&ske=2023-06-23T15%3A43%3A41Z&skoid=09ba021e-c417-441c-b203-c81e5dcd7b7f&sks=b&skt=2023-06-16T15%3A43%3A41Z&sktid=33e01921-4d64-4f8c-a055-5bdaffd5e33d&skv=2020-10-02&sp=r&spr=https&sr=b&sv=2020-10-02
24,Circus Fun Play Tent,29,$29.99,"Circus Fun Play Tent, kid's toy",https://dalleproduse.blob.core.windows.net/private/images/19e7d1cb-8175-4045-90ea-c66e39097d6c/generated_00.png?se=2023-06-18T01%3A15%3A19Z&sig=UJdEtgkIFizUAaJXEo4BCgx0VgzxUQ0f%2BzrdNzBPGqo%3D&ske=2023-06-23T15%3A43%3A41Z&skoid=09ba021e-c417-441c-b203-c81e5dcd7b7f&sks=b&skt=2023-06-16T15%3A43%3A41Z&sktid=33e01921-4d64-4f8c-a055-5bdaffd5e33d&skv=2020-10-02&sp=r&spr=https&sr=b&sv=2020-10-02
25,Classic Toy Train Set,31,$29.99,"Classic Toy Train Set, kid's toy",https://dalleproduse.blob.core.windows.net/private/images/acb42f2c-1b7f-4d13-8d90-667a6ccc7f07/generated_00.png?se=2023-06-18T01%3A15%3A25Z&sig=D%2F6%2FITyeNRuq45thmmmxo5keVyq7gJLcdgkwdMUFnq0%3D&ske=2023-06-23T07%3A22%3A14Z&skoid=09ba021e-c417-441c-b203-c81e5dcd7b7f&sks=b&skt=2023-06-16T07%3A22%3A14Z&sktid=33e01921-4d64-4f8c-a055-5bdaffd5e33d&skv=2020-10-02&sp=r&spr=https&sr=b&sv=2020-10-02
26,Colorful Construction Play Set,32,$29.99,"Colorful Construction Play Set, kid's toy",https://dalleproduse.blob.core.windows.net/private/images/4aad3e0a-e84d-4f22-9eb8-304e57d8e1d9/generated_00.png?se=2023-06-18T01%3A15%3A30Z&sig=OwDX5l6Gt7dtdeUgsw2z6L02vDZbILy0rOytiUicHcY%3D&ske=2023-06-23T07%3A22%3A14Z&skoid=09ba021e-c417-441c-b203-c81e5dcd7b7f&sks=b&skt=2023-06-16T07%3A22%3A14Z&sktid=33e01921-4d64-4f8c-a055-5bdaffd5e33d&skv=2020-10-02&sp=r&spr=https&sr=b&sv=2020-10-02
27,Cool Cats Play Set,33,$29.99,"Cool Cats Play Set, kid's toy",https://dalleproduse.blob.core.windows.net/private/images/e069819f-cbfc-4e66-ad14-41373dac7e26/generated_00.png?se=2023-06-18T01%3A15%3A46Z&sig=t9mfXZo0Phh0KW5VKGSOvGzs9uBtzFWu%2BYob5mrdzEk%3D&ske=2023-06-23T15%3A43%3A41Z&skoid=09ba021e-c417-441c-b203-c81e5dcd7b7f&sks=b&skt=2023-06-16T15%3A43%3A41Z&sktid=33e01921-4d64-4f8c-a055-5bdaffd5e33d&skv=2020-10-02&sp=r&spr=https&sr=b&sv=2020-10-02
28,Cozy Cuddle Bedtime Plushies,34,$29.99,"Cozy Cuddle Bedtime Plushies, kid's toy",https://dalleproduse.blob.core.windows.net/private/images/88980947-bdf9-4b2c-ae06-bb45be743c04/generated_00.png?se=2023-06-18T01%3A15%3A58Z&sig=wKLGZ224WT4UAHCKVjjfst%2FaiYTpnemYKDX2o%2BvVoX8%3D&ske=2023-06-23T15%3A43%3A41Z&skoid=09ba021e-c417-441c-b203-c81e5dcd7b7f&sks=b&skt=2023-06-16T15%3A43%3A41Z&sktid=33e01921-4d64-4f8c-a055-5bdaffd5e33d&skv=2020-10-02&sp=r&spr=https&sr=b&sv=2020-10-02
29,Crafty Creations Art Set,35,$19.99,"Crafty Creations Art Set, kid's toy",https://dalleproduse.blob.core.windows.net/private/images/03463e02-9bbc-4408-b2ea-f1a316b5d28c/generated_00.png?se=2023-06-18T01%3A32%3A41Z&sig=ZAOrwatVBGsUlkw3lTRDpBPK185wpQS0z4YA4yHJqSQ%3D&ske=2023-06-23T07%3A22%3A14Z&skoid=09ba021e-c417-441c-b203-c81e5dcd7b7f&sks=b&skt=2023-06-16T07%3A22%3A14Z&sktid=33e01921-4d64-4f8c-a055-5bdaffd5e33d&skv=2020-10-02&sp=r&spr=https&sr=b&sv=2020-10-02
30,Crazy Car Wash Set,36,$29.99,"Crazy Car Wash Set, kid's toy",https://dalleproduse.blob.core.windows.net/private/images/c8fb0e7c-22e4-468e-8372-81e929fb362c/generated_00.png?se=2023-06-18T01%3A16%3A10Z&sig=rXHiKjebI988VAhIbCTcdVOX6hyjSAnaH8bl2RXWDCk%3D&ske=2023-06-23T07%3A22%3A14Z&skoid=09ba021e-c417-441c-b203-c81e5dcd7b7f&sks=b&skt=2023-06-16T07%3A22%3A14Z&sktid=33e01921-4d64-4f8c-a055-5bdaffd5e33d&skv=2020-10-02&sp=r&spr=https&sr=b&sv=2020-10-02
31,Creepy Crawly Bug Set,37,$12.99,"Creepy Crawly Bug Set, kid's toy",https://dalleproduse.blob.core.windows.net/private/images/cc4a6bd8-6603-4f2a-b905-dc7a706f71d8/generated_00.png?se=2023-06-18T01%3A32%3A49Z&sig=QGexLCZCjJotsmjUMDBFewmSRDQkuyKm6aDOTtwD4Os%3D&ske=2023-06-23T15%3A43%3A41Z&skoid=09ba021e-c417-441c-b203-c81e5dcd7b7f&sks=b&skt=2023-06-16T15%3A43%3A41Z&sktid=33e01921-4d64-4f8c-a055-5bdaffd5e33d&skv=2020-10-02&sp=r&spr=https&sr=b&sv=2020-10-02
32,Daring Dino Explorer Set,39,$29.99,"Daring Dino Explorer Set, kid's toy",https://dalleproduse.blob.core.windows.net/private/images/d8a7a8d1-4ff4-426b-9205-9ec285476dfb/generated_00.png?se=2023-06-18T01%3A16%3A16Z&sig=VORiU74hQ9JiZ1okHlL%2BSXtqUYgK3nCluh%2BiM5xshoo%3D&ske=2023-06-23T07%3A22%3A14Z&skoid=09ba021e-c417-441c-b203-c81e5dcd7b7f&sks=b&skt=2023-06-16T07%3A22%3A14Z&sktid=33e01921-4d64-4f8c-a055-5bdaffd5e33d&skv=2020-10-02&sp=r&spr=https&sr=b&sv=2020-10-02
33,Deluxe Dollhouse,40,$149.99,"Deluxe Dollhouse, kid's toy",https://dalleproduse.blob.core.windows.net/private/images/1fbf1c34-b9ab-48af-80e2-47d8c2c2fe24/generated_00.png?se=2023-06-18T01%3A16%3A33Z&sig=GUIYacmAn%2FtL19RdcuwI2Llu8OHQzKUjByYuodkknjY%3D&ske=2023-06-23T15%3A43%3A41Z&skoid=09ba021e-c417-441c-b203-c81e5dcd7b7f&sks=b&skt=2023-06-16T15%3A43%3A41Z&sktid=33e01921-4d64-4f8c-a055-5bdaffd5e33d&skv=2020-10-02&sp=r&spr=https&sr=b&sv=2020-10-02
34,Desert Adventure Play Set,41,$29.99,"Desert Adventure Play Set, kid's toy",https://dalleproduse.blob.core.windows.net/private/images/4c092ec8-4e26-4232-9e28-872234d05d02/generated_00.png?se=2023-06-18T01%3A16%3A54Z&sig=Ao1N8EV2PRhegdcooGF3sgnKiPIyAQO2nTVFk61EUjE%3D&ske=2023-06-23T15%3A43%3A41Z&skoid=09ba021e-c417-441c-b203-c81e5dcd7b7f&sks=b&skt=2023-06-16T15%3A43%3A41Z&sktid=33e01921-4d64-4f8c-a055-5bdaffd5e33d&skv=2020-10-02&sp=r&spr=https&sr=b&sv=2020-10-02
35,Dino Dig Excavation Kit,43,$12.99,"Dino Dig Excavation Kit, kid's toy",https://dalleproduse.blob.core.windows.net/private/images/08903e0e-cd9f-43d0-ac0a-11a477ac0c3b/generated_00.png?se=2023-06-18T01%3A16%3A54Z&sig=jmwyUS4ReDhIYmyNoevO8%2FkddciuHeXnR9fEA%2FOuz%2FY%3D&ske=2023-06-24T00%3A35%3A53Z&skoid=09ba021e-c417-441c-b203-c81e5dcd7b7f&sks=b&skt=2023-06-17T00%3A35%3A53Z&sktid=33e01921-4d64-4f8c-a055-5bdaffd5e33d&skv=2020-10-02&sp=r&spr=https&sr=b&sv=2020-10-02
36,Disco Dance Floor Set,44,$29.99,"Disco Dance Floor Set, kid's toy",https://dalleproduse.blob.core.windows.net/private/images/7251459d-c4a0-4881-a353-0457fc88465a/generated_00.png?se=2023-06-18T01%3A16%3A59Z&sig=IPaKTFQkmePEPPFpfjvWAz8jUPrECGlg%2F6Mq8gkxwCo%3D&ske=2023-06-24T00%3A35%3A53Z&skoid=09ba021e-c417-441c-b203-c81e5dcd7b7f&sks=b&skt=2023-06-17T00%3A35%3A53Z&sktid=33e01921-4d64-4f8c-a055-5bdaffd5e33d&skv=2020-10-02&sp=r&spr=https&sr=b&sv=2020-10-02
37,Discovering Dinosaurs Play Set,45,$29.99,"Discovering Dinosaurs Play Set, kid's toy",https://dalleproduse.blob.core.windows.net/private/images/37893f27-79d4-49a6-b8ca-02aea23ffabc/generated_00.png?se=2023-06-18T01%3A17%3A04Z&sig=eBgoGM0L4WLiZcnz3eB2Wgc5Rj6Sk4KaFpLrLJ%2FFUOM%3D&ske=2023-06-23T07%3A22%3A14Z&skoid=09ba021e-c417-441c-b203-c81e5dcd7b7f&sks=b&skt=2023-06-16T07%3A22%3A14Z&sktid=33e01921-4d64-4f8c-a055-5bdaffd5e33d&skv=2020-10-02&sp=r&spr=https&sr=b&sv=2020-10-02
38,Diving Dolphins Bath Toys,46,$12.99,"Diving Dolphins Bath Toys, kid's toy",https://dalleproduse.blob.core.windows.net/private/images/37521849-4a7e-4bcb-b724-6ae52e78a383/generated_00.png?se=2023-06-18T01%3A17%3A20Z&sig=CtpsjB%2FdPu%2FF1gHwBolrIu0HgqCySc45mFXtU85QEh4%3D&ske=2023-06-24T00%3A35%3A53Z&skoid=09ba021e-c417-441c-b203-c81e5dcd7b7f&sks=b&skt=2023-06-17T00%3A35%3A53Z&sktid=33e01921-4d64-4f8c-a055-5bdaffd5e33d&skv=2020-10-02&sp=r&spr=https&sr=b&sv=2020-10-02
39,Dollhouse Dream Castle,47,$59.99,"Dollhouse Dream Castle, kid's toy",https://dalleproduse.blob.core.windows.net/private/images/edebf0c2-7c7c-48b8-a31f-570a09369dec/generated_00.png?se=2023-06-18T01%3A17%3A30Z&sig=gS%2BvG%2BBYBM5CTnrwOGCvVemrK4Y5G7UEcpeym3MuZ%2FQ%3D&ske=2023-06-23T07%3A22%3A14Z&skoid=09ba021e-c417-441c-b203-c81e5dcd7b7f&sks=b&skt=2023-06-16T07%3A22%3A14Z&sktid=33e01921-4d64-4f8c-a055-5bdaffd5e33d&skv=2020-10-02&sp=r&spr=https&sr=b&sv=2020-10-02
40,Dreamy Doll Bedtime Set,49,$29.99,"Dreamy Doll Bedtime Set, kid's toy",https://dalleproduse.blob.core.windows.net/private/images/92fc1b73-a46a-4889-96c2-84699c602ebd/generated_00.png?se=2023-06-18T01%3A17%3A45Z&sig=%2F7J%2BwxL8UsbM2TjGkwEBkxNDuWbGrlAS%2BELeKxdTcVA%3D&ske=2023-06-23T15%3A43%3A41Z&skoid=09ba021e-c417-441c-b203-c81e5dcd7b7f&sks=b&skt=2023-06-16T15%3A43%3A41Z&sktid=33e01921-4d64-4f8c-a055-5bdaffd5e33d&skv=2020-10-02&sp=r&spr=https&sr=b&sv=2020-10-02
41,Duck and Dive Pool Toys,50,$19.99,"Duck and Dive Pool Toys, kid's toy",https://dalleproduse.blob.core.windows.net/private/images/1f746108-00b9-4c6a-b036-2cb47ff28854/generated_00.png?se=2023-06-18T01%3A17%3A50Z&sig=NS7fiFNFo83l4fG0Kqxh0FdppKjXOWEnhnwv9Inmq%2Bo%3D&ske=2023-06-23T15%3A43%3A41Z&skoid=09ba021e-c417-441c-b203-c81e5dcd7b7f&sks=b&skt=2023-06-16T15%3A43%3A41Z&sktid=33e01921-4d64-4f8c-a055-5bdaffd5e33d&skv=2020-10-02&sp=r&spr=https&sr=b&sv=2020-10-02
42,Dynamic Dinosaur Set,51,$29.99,"Dynamic Dinosaur Set, kid's toy",https://dalleproduse.blob.core.windows.net/private/images/6d30d572-ac7a-4656-886f-a3460b66fbaa/generated_00.png?se=2023-06-18T01%3A18%3A00Z&sig=Lzo9BXe400lbQIC77LMDQys0DU6zXdGdpK5dl2t9hAI%3D&ske=2023-06-24T00%3A35%3A53Z&skoid=09ba021e-c417-441c-b203-c81e5dcd7b7f&sks=b&skt=2023-06-17T00%3A35%3A53Z&sktid=33e01921-4d64-4f8c-a055-5bdaffd5e33d&skv=2020-10-02&sp=r&spr=https&sr=b&sv=2020-10-02
43,Easter Egg Decorating Kit,52,$9.99,"Easter Egg Decorating Kit, kid's toy",https://dalleproduse.blob.core.windows.net/private/images/068e3d20-1d4c-4790-a12d-29c228961ebd/generated_00.png?se=2023-06-18T01%3A18%3A12Z&sig=TPbxlfgwdNaXBOhRWW1Od18ddfJFYFXcOXBnWpWahBU%3D&ske=2023-06-24T00%3A35%3A53Z&skoid=09ba021e-c417-441c-b203-c81e5dcd7b7f&sks=b&skt=2023-06-17T00%3A35%3A53Z&sktid=33e01921-4d64-4f8c-a055-5bdaffd5e33d&skv=2020-10-02&sp=r&spr=https&sr=b&sv=2020-10-02
44,Eco-Friendly Building Blocks,53,$29.99,"Eco-Friendly Building Blocks, kid's toy",https://dalleproduse.blob.core.windows.net/private/images/ea42e330-8f0f-4be4-b06c-1240d2d03a9e/generated_00.png?se=2023-06-18T01%3A32%3A57Z&sig=JFWYW9F3nvc4ib4I8e6JOt89QbOgP9csNa2%2F2Cp83GI%3D&ske=2023-06-23T07%3A22%3A14Z&skoid=09ba021e-c417-441c-b203-c81e5dcd7b7f&sks=b&skt=2023-06-16T07%3A22%3A14Z&sktid=33e01921-4d64-4f8c-a055-5bdaffd5e33d&skv=2020-10-02&sp=r&spr=https&sr=b&sv=2020-10-02
45,Eerie Haunted House Set,54,$29.99,"Eerie Haunted House Set, kid's toy",https://dalleproduse.blob.core.windows.net/private/images/378c6354-50bd-4357-b869-60ab1d6279f9/generated_00.png?se=2023-06-18T01%3A18%3A34Z&sig=mAaiQTW8q5OPCQw5r%2FSen1a2fktfQr5k7HP3IywH%2Bzk%3D&ske=2023-06-23T15%3A43%3A41Z&skoid=09ba021e-c417-441c-b203-c81e5dcd7b7f&sks=b&skt=2023-06-16T15%3A43%3A41Z&sktid=33e01921-4d64-4f8c-a055-5bdaffd5e33d&skv=2020-10-02&sp=r&spr=https&sr=b&sv=2020-10-02
46,Electric Eel Race Set,55,$29.99,"Electric Eel Race Set, kid's toy",https://dalleproduse.blob.core.windows.net/private/images/ae62052e-cb2c-43f9-b470-05c65c776d84/generated_00.png?se=2023-06-18T01%3A18%3A40Z&sig=3Knr%2F%2B6HIODebeI3TBy%2F78xmkeFTzf3%2FNyKELfD%2Bka0%3D&ske=2023-06-23T07%3A22%3A14Z&skoid=09ba021e-c417-441c-b203-c81e5dcd7b7f&sks=b&skt=2023-06-16T07%3A22%3A14Z&sktid=33e01921-4d64-4f8c-a055-5bdaffd5e33d&skv=2020-10-02&sp=r&spr=https&sr=b&sv=2020-10-02
47,Enchanted Forest Play Set,56,$49.99,"Enchanted Forest Play Set, kid's toy",https://dalleproduse.blob.core.windows.net/private/images/10d28e00-f89b-410e-b69a-2ccbdd6845e0/generated_00.png?se=2023-06-18T01%3A18%3A44Z&sig=LW99QlQ9mCqe57lDeKkFkxBvzwuOXY4GTDrAZbJ16lg%3D&ske=2023-06-23T07%3A22%3A14Z&skoid=09ba021e-c417-441c-b203-c81e5dcd7b7f&sks=b&skt=2023-06-16T07%3A22%3A14Z&sktid=33e01921-4d64-4f8c-a055-5bdaffd5e33d&skv=2020-10-02&sp=r&spr=https&sr=b&sv=2020-10-02
48,Exciting Adventure Play Tent,57,$39.99,"Exciting Adventure Play Tent, kid's toy",https://dalleproduse.blob.core.windows.net/private/images/b946f0ea-6b0a-4730-bd4d-95c94f13f88d/generated_00.png?se=2023-06-18T01%3A33%3A06Z&sig=JoBDjCes7QceAXe7%2FBlTgButhqJow3MqAXGDHZdsn9c%3D&ske=2023-06-23T07%3A22%3A14Z&skoid=09ba021e-c417-441c-b203-c81e5dcd7b7f&sks=b&skt=2023-06-16T07%3A22%3A14Z&sktid=33e01921-4d64-4f8c-a055-5bdaffd5e33d&skv=2020-10-02&sp=r&spr=https&sr=b&sv=2020-10-02
49,Fairy Forest Play Set,59,$39.99,"Fairy Forest Play Set, kid's toy",https://dalleproduse.blob.core.windows.net/private/images/91b22ef2-be6c-426a-9cef-2ac472d88631/generated_00.png?se=2023-06-18T01%3A18%3A59Z&sig=0ekUZOwpJQrDxgTelUZnpa3GfvqvDdFYRBHVNp7oZB8%3D&ske=2023-06-24T00%3A35%3A53Z&skoid=09ba021e-c417-441c-b203-c81e5dcd7b7f&sks=b&skt=2023-06-17T00%3A35%3A53Z&sktid=33e01921-4d64-4f8c-a055-5bdaffd5e33d&skv=2020-10-02&sp=r&spr=https&sr=b&sv=2020-10-02
50,Farmyard Friends Play Set,61,$29.99,"Farmyard Friends Play Set, kid's toy",https://dalleproduse.blob.core.windows.net/private/images/99b20ea1-2b79-42dd-b662-64fb60572e02/generated_00.png?se=2023-06-18T01%3A19%3A11Z&sig=JQdkn9xlVksR7wdjDHktkKdEA1B4tKIgem47XECPqA4%3D&ske=2023-06-24T00%3A35%3A53Z&skoid=09ba021e-c417-441c-b203-c81e5dcd7b7f&sks=b&skt=2023-06-17T00%3A35%3A53Z&sktid=33e01921-4d64-4f8c-a055-5bdaffd5e33d&skv=2020-10-02&sp=r&spr=https&sr=b&sv=2020-10-02
51,Fashion Frenzy Dress-Up Set,62,$19.99,"Fashion Frenzy Dress-Up Set, kid's toy",https://dalleproduse.blob.core.windows.net/private/images/e8307872-1dce-4896-9326-d676f2a4afa3/generated_00.png?se=2023-06-18T01%3A19%3A24Z&sig=1NtVxo7WMDUTj9GmH1RXPONDOQ9%2Bjnl6b1VTe2kAaMw%3D&ske=2023-06-23T07%3A22%3A14Z&skoid=09ba021e-c417-441c-b203-c81e5dcd7b7f&sks=b&skt=2023-06-16T07%3A22%3A14Z&sktid=33e01921-4d64-4f8c-a055-5bdaffd5e33d&skv=2020-10-02&sp=r&spr=https&sr=b&sv=2020-10-02
52,Fierce Dragon Knights Set,63,$29.99,"Fierce Dragon Knights Set, kid's toy",https://dalleproduse.blob.core.windows.net/private/images/343a83e4-1369-4cd0-8d8e-edf97e1489cc/generated_00.png?se=2023-06-18T01%3A19%3A24Z&sig=42YrfDAXWrqaU2pWHR18k4IQjNjPQanHNWwUHkikOF0%3D&ske=2023-06-23T15%3A43%3A41Z&skoid=09ba021e-c417-441c-b203-c81e5dcd7b7f&sks=b&skt=2023-06-16T15%3A43%3A41Z&sktid=33e01921-4d64-4f8c-a055-5bdaffd5e33d&skv=2020-10-02&sp=r&spr=https&sr=b&sv=2020-10-02
53,Fire Station Play Set,64,$29.99,"Fire Station Play Set, kid's toy",https://dalleproduse.blob.core.windows.net/private/images/7faf0512-fced-4e18-ad2b-827f0320b77d/generated_00.png?se=2023-06-18T01%3A19%3A31Z&sig=5Dbrg%2FKobdbLs3HnOyqTjr1LfGRsxtStNxji%2BLwthpg%3D&ske=2023-06-23T07%3A22%3A14Z&skoid=09ba021e-c417-441c-b203-c81e5dcd7b7f&sks=b&skt=2023-06-16T07%3A22%3A14Z&sktid=33e01921-4d64-4f8c-a055-5bdaffd5e33d&skv=2020-10-02&sp=r&spr=https&sr=b&sv=2020-10-02
54,Fishing Fun Play Set,65,$19.99,"Fishing Fun Play Set, kid's toy",https://dalleproduse.blob.core.windows.net/private/images/3c54798c-1240-44c0-92d6-815dd766f258/generated_00.png?se=2023-06-18T01%3A19%3A36Z&sig=cOvDC%2BqSuDdnaElD29wCteE21p6%2BudOl0IPVdBrJM4k%3D&ske=2023-06-24T00%3A35%3A53Z&skoid=09ba021e-c417-441c-b203-c81e5dcd7b7f&sks=b&skt=2023-06-17T00%3A35%3A53Z&sktid=33e01921-4d64-4f8c-a055-5bdaffd5e33d&skv=2020-10-02&sp=r&spr=https&sr=b&sv=2020-10-02
55,Flamingo Frenzy Play Set,66,$29.99,"Flamingo Frenzy Play Set, kid's toy",https://dalleproduse.blob.core.windows.net/private/images/d648dc57-514d-4bc4-81fa-52932e482c2a/generated_00.png?se=2023-06-18T01%3A19%3A36Z&sig=JEWy37Nm9U6HTZPSFs6QBs0ksM%2BcrNpX9rMu1UE514c%3D&ske=2023-06-23T15%3A43%3A41Z&skoid=09ba021e-c417-441c-b203-c81e5dcd7b7f&sks=b&skt=2023-06-16T15%3A43%3A41Z&sktid=33e01921-4d64-4f8c-a055-5bdaffd5e33d&skv=2020-10-02&sp=r&spr=https&sr=b&sv=2020-10-02
56,Flower Power Garden Set,67,$29.99,"Flower Power Garden Set, kid's toy",https://dalleproduse.blob.core.windows.net/private/images/9f927bb3-0ac7-4152-bceb-5352f4fad3ad/generated_00.png?se=2023-06-18T01%3A19%3A52Z&sig=OeAcA3OKQqbLhMG75GQ7zaoE%2Fe8bptnG3y8X0QofdJ8%3D&ske=2023-06-24T00%3A35%3A53Z&skoid=09ba021e-c417-441c-b203-c81e5dcd7b7f&sks=b&skt=2023-06-17T00%3A35%3A53Z&sktid=33e01921-4d64-4f8c-a055-5bdaffd5e33d&skv=2020-10-02&sp=r&spr=https&sr=b&sv=2020-10-02
57,Foodie Fun Cooking Set,69,$29.99,"Foodie Fun Cooking Set, kid's toy",https://dalleproduse.blob.core.windows.net/private/images/77a3149b-0132-4f93-b2bb-81739e6ac738/generated_00.png?se=2023-06-18T01%3A20%3A09Z&sig=86MhLoFhJ30EJz79z5wuD8WWneM9M2w3J6X0gihFBdI%3D&ske=2023-06-23T07%3A22%3A14Z&skoid=09ba021e-c417-441c-b203-c81e5dcd7b7f&sks=b&skt=2023-06-16T07%3A22%3A14Z&sktid=33e01921-4d64-4f8c-a055-5bdaffd5e33d&skv=2020-10-02&sp=r&spr=https&sr=b&sv=2020-10-02
58,Forest Friends Play Set,70,$24.99,"Forest Friends Play Set, kid's toy",https://dalleproduse.blob.core.windows.net/private/images/0adc3b3b-0ff4-4618-a6bf-e10b03ecfb23/generated_00.png?se=2023-06-18T01%3A20%3A25Z&sig=hhx1CbxitqVWvV8tEBAtkwEuFmIAeIJieqd3jXWd6%2Fs%3D&ske=2023-06-23T15%3A43%3A41Z&skoid=09ba021e-c417-441c-b203-c81e5dcd7b7f&sks=b&skt=2023-06-16T15%3A43%3A41Z&sktid=33e01921-4d64-4f8c-a055-5bdaffd5e33d&skv=2020-10-02&sp=r&spr=https&sr=b&sv=2020-10-02
59,Fox and Hound Play Set,71,$24.99,"Fox and Hound Play Set, kid's toy",https://dalleproduse.blob.core.windows.net/private/images/8aacd7de-e354-43e0-9110-c71073c8bcf8/generated_00.png?se=2023-06-18T01%3A33%3A14Z&sig=uVU89YUSSnhJRahYUYplc1YqXnUVaS19U3pBueff%2Fls%3D&ske=2023-06-24T00%3A35%3A53Z&skoid=09ba021e-c417-441c-b203-c81e5dcd7b7f&sks=b&skt=2023-06-17T00%3A35%3A53Z&sktid=33e01921-4d64-4f8c-a055-5bdaffd5e33d&skv=2020-10-02&sp=r&spr=https&sr=b&sv=2020-10-02
60,Fun Farm Animal Set,72,$19.99,"Fun Farm Animal Set, kid's toy",https://dalleproduse.blob.core.windows.net/private/images/d9dea024-c958-4ce2-b6d1-fce0579fca6a/generated_00.png?se=2023-06-18T01%3A33%3A22Z&sig=LdFb9cbnD6GqC2Ot%2F%2BL5ILSI%2Ft4tdbb5zFYNs7HxlwM%3D&ske=2023-06-23T07%3A22%3A14Z&skoid=09ba021e-c417-441c-b203-c81e5dcd7b7f&sks=b&skt=2023-06-16T07%3A22%3A14Z&sktid=33e01921-4d64-4f8c-a055-5bdaffd5e33d&skv=2020-10-02&sp=r&spr=https&sr=b&sv=2020-10-02
61,Funny Faces Play Set,73,$12.99,"Funny Faces Play Set, kid's toy",https://dalleproduse.blob.core.windows.net/private/images/999ed930-5d59-4ced-a7a1-0db3eacf6f09/generated_00.png?se=2023-06-18T01%3A20%3A45Z&sig=MxKlUddfu061sMveYl1r0N4twRB0S4e9asMFQmh5YKo%3D&ske=2023-06-23T15%3A43%3A41Z&skoid=09ba021e-c417-441c-b203-c81e5dcd7b7f&sks=b&skt=2023-06-16T15%3A43%3A41Z&sktid=33e01921-4d64-4f8c-a055-5bdaffd5e33d&skv=2020-10-02&sp=r&spr=https&sr=b&sv=2020-10-02
62,Garden Gnome Play Set,75,$29.99,"Garden Gnome Play Set, kid's toy",https://dalleproduse.blob.core.windows.net/private/images/a102e37f-2ee8-4fa5-b510-1ba34d39c643/generated_00.png?se=2023-06-18T01%3A20%3A45Z&sig=lrlKk8aFnToiSRn%2BX6uawm3pZ5I2dghUmXfHXdlgSQU%3D&ske=2023-06-23T15%3A43%3A41Z&skoid=09ba021e-c417-441c-b203-c81e5dcd7b7f&sks=b&skt=2023-06-16T15%3A43%3A41Z&sktid=33e01921-4d64-4f8c-a055-5bdaffd5e33d&skv=2020-10-02&sp=r&spr=https&sr=b&sv=2020-10-02
63,Giant Jenga Game,76,$79.99,"Giant Jenga Game, kid's toy",https://dalleproduse.blob.core.windows.net/private/images/0bc09756-d795-44cb-af1c-cf1525c10685/generated_00.png?se=2023-06-18T01%3A20%3A51Z&sig=cRagPCNJ8U0iQhbm%2BwwPBPKO%2FMBuzyCAaTN7VQLoHH0%3D&ske=2023-06-23T07%3A22%3A14Z&skoid=09ba021e-c417-441c-b203-c81e5dcd7b7f&sks=b&skt=2023-06-16T07%3A22%3A14Z&sktid=33e01921-4d64-4f8c-a055-5bdaffd5e33d&skv=2020-10-02&sp=r&spr=https&sr=b&sv=2020-10-02
64,Giraffe Jungle Play Set,77,$29.99,"Giraffe Jungle Play Set, kid's toy",https://dalleproduse.blob.core.windows.net/private/images/27746b14-de31-4731-85f2-8a7da368e034/generated_00.png?se=2023-06-18T01%3A21%3A18Z&sig=0dY9XNTx4BdsLaMms36IGSWE3wZOWxCD1H7F9FlnqcI%3D&ske=2023-06-23T15%3A43%3A41Z&skoid=09ba021e-c417-441c-b203-c81e5dcd7b7f&sks=b&skt=2023-06-16T15%3A43%3A41Z&sktid=33e01921-4d64-4f8c-a055-5bdaffd5e33d&skv=2020-10-02&sp=r&spr=https&sr=b&sv=2020-10-02
65,Glitter Gaze Princess Set,78,$29.99,"Glitter Gaze Princess Set, kid's toy",https://dalleproduse.blob.core.windows.net/private/images/d9a92c92-53fa-431a-965f-dfbd6189463c/generated_00.png?se=2023-06-18T01%3A33%3A30Z&sig=%2Be57ZLN%2BOcu1OYfVCKELDh3f4rqhXofk3TYOPKXb%2BEU%3D&ske=2023-06-23T07%3A22%3A14Z&skoid=09ba021e-c417-441c-b203-c81e5dcd7b7f&sks=b&skt=2023-06-16T07%3A22%3A14Z&sktid=33e01921-4d64-4f8c-a055-5bdaffd5e33d&skv=2020-10-02&sp=r&spr=https&sr=b&sv=2020-10-02
66,Glow-in-the-Dark Space Set,79,$19.99,"Glow-in-the-Dark Space Set, kid's toy",https://dalleproduse.blob.core.windows.net/private/images/fe936438-2414-4cef-8596-efe0b80f1278/generated_00.png?se=2023-06-18T01%3A33%3A38Z&sig=%2FyAtAdn8TkbQA1L07MRuP75XsC7iftKS3rfmjvCkKbU%3D&ske=2023-06-23T15%3A43%3A41Z&skoid=09ba021e-c417-441c-b203-c81e5dcd7b7f&sks=b&skt=2023-06-16T15%3A43%3A41Z&sktid=33e01921-4d64-4f8c-a055-5bdaffd5e33d&skv=2020-10-02&sp=r&spr=https&sr=b&sv=2020-10-02
67,Hockey Heroes Set,86,$29.99,"Hockey Heroes Set, kid's toy",https://dalleproduse.blob.core.windows.net/private/images/c37feec5-69ed-4ddd-a6fd-4250e83dada6/generated_00.png?se=2023-06-18T01%3A21%3A52Z&sig=uJk%2BD5TZOvcXM8qBRQIBkB7iWuKwcWquxEdU1uncrHw%3D&ske=2023-06-23T07%3A22%3A14Z&skoid=09ba021e-c417-441c-b203-c81e5dcd7b7f&sks=b&skt=2023-06-16T07%3A22%3A14Z&sktid=33e01921-4d64-4f8c-a055-5bdaffd5e33d&skv=2020-10-02&sp=r&spr=https&sr=b&sv=2020-10-02
68,Holiday Fun Craft Kit,87,$15.99,"Holiday Fun Craft Kit, kid's toy",https://dalleproduse.blob.core.windows.net/private/images/9bec4448-753f-4d32-84c2-6e401816050e/generated_00.png?se=2023-06-18T01%3A33%3A46Z&sig=oh4Ilbf2RSK%2BEXi%2F9xWIsIbpXIgMoOiQ4L9Rew4VTKg%3D&ske=2023-06-23T07%3A22%3A14Z&skoid=09ba021e-c417-441c-b203-c81e5dcd7b7f&sks=b&skt=2023-06-16T07%3A22%3A14Z&sktid=33e01921-4d64-4f8c-a055-5bdaffd5e33d&skv=2020-10-02&sp=r&spr=https&sr=b&sv=2020-10-02
69,Honeycomb Hideout Play Set,88,$29.99,"Honeycomb Hideout Play Set, kid's toy",https://dalleproduse.blob.core.windows.net/private/images/5a3c12c0-949a-4f21-a95c-022634f3d840/generated_00.png?se=2023-06-18T01%3A22%3A19Z&sig=zEKfdc5HuKZh%2FnGkO5rINLjBSkKGNOTa37eNiX1eP9Q%3D&ske=2023-06-23T07%3A22%3A14Z&skoid=09ba021e-c417-441c-b203-c81e5dcd7b7f&sks=b&skt=2023-06-16T07%3A22%3A14Z&sktid=33e01921-4d64-4f8c-a055-5bdaffd5e33d&skv=2020-10-02&sp=r&spr=https&sr=b&sv=2020-10-02
70,Horse and Rider Play Set,89,$19.99,"Horse and Rider Play Set, kid's toy",https://dalleproduse.blob.core.windows.net/private/images/933e6d62-f87f-4718-9f8b-f9ba21393bbd/generated_00.png?se=2023-06-18T01%3A33%3A54Z&sig=ozvtTc3XWHQJkVdIKsH6gBvOpXaN77p50MniiEEkaSc%3D&ske=2023-06-23T15%3A43%3A41Z&skoid=09ba021e-c417-441c-b203-c81e5dcd7b7f&sks=b&skt=2023-06-16T15%3A43%3A41Z&sktid=33e01921-4d64-4f8c-a055-5bdaffd5e33d&skv=2020-10-02&sp=r&spr=https&sr=b&sv=2020-10-02
71,Hot Wheels Racing Set,90,$29.99,"Hot Wheels Racing Set, kid's toy",https://dalleproduse.blob.core.windows.net/private/images/64e65d3f-95d8-488d-b569-d61fb49b0884/generated_00.png?se=2023-06-18T01%3A22%3A32Z&sig=lsvFjnre%2BHzgdeTVkvJO7LD46D04AzfTKtzEa6HX2CA%3D&ske=2023-06-23T07%3A22%3A14Z&skoid=09ba021e-c417-441c-b203-c81e5dcd7b7f&sks=b&skt=2023-06-16T07%3A22%3A14Z&sktid=33e01921-4d64-4f8c-a055-5bdaffd5e33d&skv=2020-10-02&sp=r&spr=https&sr=b&sv=2020-10-02
72,Hula Hoop Fun Set,91,$19.99,"Hula Hoop Fun Set, kid's toy",https://dalleproduse.blob.core.windows.net/private/images/3d46e216-6e7a-48ac-bf5a-ec225bf3b9f2/generated_00.png?se=2023-06-18T01%3A34%3A02Z&sig=2HUCgFGLH%2BNvf8tXutCyXPzYINDwAlY0tjuJQkRpQPg%3D&ske=2023-06-23T15%3A43%3A41Z&skoid=09ba021e-c417-441c-b203-c81e5dcd7b7f&sks=b&skt=2023-06-16T15%3A43%3A41Z&sktid=33e01921-4d64-4f8c-a055-5bdaffd5e33d&skv=2020-10-02&sp=r&spr=https&sr=b&sv=2020-10-02
73,Ice Cream Sundae Party Set,92,$19.99,"Ice Cream Sundae Party Set, kid's toy",https://dalleproduse.blob.core.windows.net/private/images/fcf047a4-de0e-4a05-acea-e9b7c8c99af3/generated_00.png?se=2023-06-18T01%3A22%3A49Z&sig=IG%2BhG4ueFuqqfPoBCwdX67r1TuXjmncmpRtAFHS93AU%3D&ske=2023-06-23T15%3A43%3A41Z&skoid=09ba021e-c417-441c-b203-c81e5dcd7b7f&sks=b&skt=2023-06-16T15%3A43%3A41Z&sktid=33e01921-4d64-4f8c-a055-5bdaffd5e33d&skv=2020-10-02&sp=r&spr=https&sr=b&sv=2020-10-02
74,Inflatable Bouncy Castle,94,$299.99,"Inflatable Bouncy Castle, kid's toy",https://dalleproduse.blob.core.windows.net/private/images/068420b9-4285-4f36-acda-b80f6c590b56/generated_00.png?se=2023-06-18T01%3A22%3A49Z&sig=noLm3MzWd3FZQw8q%2Fxq5ArOip3uIz6rf0Z07vXnKOSc%3D&ske=2023-06-24T00%3A35%3A53Z&skoid=09ba021e-c417-441c-b203-c81e5dcd7b7f&sks=b&skt=2023-06-17T00%3A35%3A53Z&sktid=33e01921-4d64-4f8c-a055-5bdaffd5e33d&skv=2020-10-02&sp=r&spr=https&sr=b&sv=2020-10-02
75,Insect Invasion Play Set,95,$19.99,"Insect Invasion Play Set, kid's toy",https://dalleproduse.blob.core.windows.net/private/images/2fd842d5-b335-4713-bf85-7042d250d10d/generated_00.png?se=2023-06-18T01%3A22%3A54Z&sig=9zlUWn2p9SzHeReMuS9CTRadu6qhJejNVvrafE63H24%3D&ske=2023-06-23T15%3A43%3A41Z&skoid=09ba021e-c417-441c-b203-c81e5dcd7b7f&sks=b&skt=2023-06-16T15%3A43%3A41Z&sktid=33e01921-4d64-4f8c-a055-5bdaffd5e33d&skv=2020-10-02&sp=r&spr=https&sr=b&sv=2020-10-02
76,Interactive Farmyard Set,96,$39.99,"Interactive Farmyard Set, kid's toy",https://dalleproduse.blob.core.windows.net/private/images/c13343eb-6103-4e1b-942c-9dfbec1f7f6f/generated_00.png?se=2023-06-18T01%3A23%3A21Z&sig=%2B75frdBFOrPrPCvlRZpcj8MLdd0175MGGBg%2FOdvanwY%3D&ske=2023-06-23T07%3A22%3A14Z&skoid=09ba021e-c417-441c-b203-c81e5dcd7b7f&sks=b&skt=2023-06-16T07%3A22%3A14Z&sktid=33e01921-4d64-4f8c-a055-5bdaffd5e33d&skv=2020-10-02&sp=r&spr=https&sr=b&sv=2020-10-02
77,Jungle Friends Play Set,99,$29.99,"Jungle Friends Play Set, kid's toy",https://dalleproduse.blob.core.windows.net/private/images/d7dc437a-bca9-4c5a-ac49-be389a430b04/generated_00.png?se=2023-06-18T01%3A23%3A26Z&sig=Cxr0z52bt2XxH%2BpwVMUu%2FUGWM53pcIcSdMQN1g703c8%3D&ske=2023-06-23T07%3A22%3A14Z&skoid=09ba021e-c417-441c-b203-c81e5dcd7b7f&sks=b&skt=2023-06-16T07%3A22%3A14Z&sktid=33e01921-4d64-4f8c-a055-5bdaffd5e33d&skv=2020-10-02&sp=r&spr=https&sr=b&sv=2020-10-02
78,Kids' Karaoke Microphone Set,100,$29.99,"Kids' Karaoke Microphone Set, kid's toy",https://dalleproduse.blob.core.windows.net/private/images/2d38a20c-8f1b-4083-bfb2-e7e5392bd55e/generated_00.png?se=2023-06-18T01%3A23%3A31Z&sig=dReTxmhaZNONZOHom%2BHWrj7yxG7Z9ozUAMcFDV0MWrw%3D&ske=2023-06-24T00%3A35%3A53Z&skoid=09ba021e-c417-441c-b203-c81e5dcd7b7f&sks=b&skt=2023-06-17T00%3A35%3A53Z&sktid=33e01921-4d64-4f8c-a055-5bdaffd5e33d&skv=2020-10-02&sp=r&spr=https&sr=b&sv=2020-10-02
79,Ladybug Lane Play Set,102,$29.99,"Ladybug Lane Play Set, kid's toy",https://dalleproduse.blob.core.windows.net/private/images/0334803e-0e9e-42ea-aa88-5b81e497043a/generated_00.png?se=2023-06-18T01%3A23%3A36Z&sig=P8q8L9LmTvKRw8Lh0Kuc%2FRGtacL5IsoJo7rZgsC5DnM%3D&ske=2023-06-24T00%3A35%3A53Z&skoid=09ba021e-c417-441c-b203-c81e5dcd7b7f&sks=b&skt=2023-06-17T00%3A35%3A53Z&sktid=33e01921-4d64-4f8c-a055-5bdaffd5e33d&skv=2020-10-02&sp=r&spr=https&sr=b&sv=2020-10-02
80,Laser Tag Set,103,$49.99,"Laser Tag Set, kid's toy",https://dalleproduse.blob.core.windows.net/private/images/6ca99724-bb9e-4ae7-bea5-1829b972ea8b/generated_00.png?se=2023-06-18T01%3A23%3A52Z&sig=8LtPFCIrhrh1QaOSIqWFDYUOzOWpsLqzF4mDdrZq%2F38%3D&ske=2023-06-23T15%3A43%3A41Z&skoid=09ba021e-c417-441c-b203-c81e5dcd7b7f&sks=b&skt=2023-06-16T15%3A43%3A41Z&sktid=33e01921-4d64-4f8c-a055-5bdaffd5e33d&skv=2020-10-02&sp=r&spr=https&sr=b&sv=2020-10-02
81,Lava Lagoon Play Set,104,$29.99,"Lava Lagoon Play Set, kid's toy",https://dalleproduse.blob.core.windows.net/private/images/da3c2ba7-12fe-42d7-8ee5-dffb3bc587d3/generated_00.png?se=2023-06-18T01%3A23%3A57Z&sig=jcDObAUii18J6ga7DWloGzioW0unxBoYwXVEBasesQ8%3D&ske=2023-06-23T15%3A43%3A41Z&skoid=09ba021e-c417-441c-b203-c81e5dcd7b7f&sks=b&skt=2023-06-16T15%3A43%3A41Z&sktid=33e01921-4d64-4f8c-a055-5bdaffd5e33d&skv=2020-10-02&sp=r&spr=https&sr=b&sv=2020-10-02
82,Lego Building Blocks,105,$50.00,"Lego Building Blocks, kid's toy",https://dalleproduse.blob.core.windows.net/private/images/3dec4933-2ade-45af-829d-eedf943437a2/generated_00.png?se=2023-06-18T01%3A24%3A07Z&sig=t25ClmaCNKAtmqKTHV%2FXYDXl0qZ1CeoNKTw553%2F1Iqw%3D&ske=2023-06-23T07%3A22%3A14Z&skoid=09ba021e-c417-441c-b203-c81e5dcd7b7f&sks=b&skt=2023-06-16T07%3A22%3A14Z&sktid=33e01921-4d64-4f8c-a055-5bdaffd5e33d&skv=2020-10-02&sp=r&spr=https&sr=b&sv=2020-10-02
83,Little Artist Studio Set,106,$19.99,"Little Artist Studio Set, kid's toy",https://dalleproduse.blob.core.windows.net/private/images/312faa7b-1371-43ce-84a6-4cb899d3e50c/generated_00.png?se=2023-06-18T01%3A24%3A18Z&sig=W7KFDb5%2B1W3CYgck2xKx2cVA06TfeaPPKjTK1abeKs4%3D&ske=2023-06-23T15%3A43%3A41Z&skoid=09ba021e-c417-441c-b203-c81e5dcd7b7f&sks=b&skt=2023-06-16T15%3A43%3A41Z&sktid=33e01921-4d64-4f8c-a055-5bdaffd5e33d&skv=2020-10-02&sp=r&spr=https&sr=b&sv=2020-10-02
84,Little Chef's Kitchen Set,107,$39.99,"Little Chef's Kitchen Set, kid's toy",https://dalleproduse.blob.core.windows.net/private/images/1d0b453e-0a9d-4ed8-81d3-7cd6bcc820d5/generated_00.png?se=2023-06-18T01%3A34%3A10Z&sig=0miq6%2F84RyPTLHDKXBuI8HNnNZmt5oQQbWxqfrPkEKY%3D&ske=2023-06-23T07%3A22%3A14Z&skoid=09ba021e-c417-441c-b203-c81e5dcd7b7f&sks=b&skt=2023-06-16T07%3A22%3A14Z&sktid=33e01921-4d64-4f8c-a055-5bdaffd5e33d&skv=2020-10-02&sp=r&spr=https&sr=b&sv=2020-10-02
85,Little Critter Camping Set,108,$24.99,"Little Critter Camping Set, kid's toy",https://dalleproduse.blob.core.windows.net/private/images/30631dfa-9df5-4095-9340-9c5f6960de3b/generated_00.png?se=2023-06-18T01%3A24%3A40Z&sig=oTWNv0TDL%2FEp3FN0mRfeYue23Kf1D9i4Y61mn0K9r88%3D&ske=2023-06-24T00%3A35%3A53Z&skoid=09ba021e-c417-441c-b203-c81e5dcd7b7f&sks=b&skt=2023-06-17T00%3A35%3A53Z&sktid=33e01921-4d64-4f8c-a055-5bdaffd5e33d&skv=2020-10-02&sp=r&spr=https&sr=b&sv=2020-10-02
86,Little Explorer Play Tent,109,$39.99,"Little Explorer Play Tent, kid's toy",https://dalleproduse.blob.core.windows.net/private/images/12e0572a-e62e-448b-bf55-ac48261d16d7/generated_00.png?se=2023-06-18T01%3A24%3A40Z&sig=eRp3%2F4JcnBYgTdqrRF7HiNdFHZaU0eQ%2Bfpj9UXbZZYY%3D&ske=2023-06-24T00%3A35%3A53Z&skoid=09ba021e-c417-441c-b203-c81e5dcd7b7f&sks=b&skt=2023-06-17T00%3A35%3A53Z&sktid=33e01921-4d64-4f8c-a055-5bdaffd5e33d&skv=2020-10-02&sp=r&spr=https&sr=b&sv=2020-10-02
87,Little Princess Dress-Up Set,110,$19.99,"Little Princess Dress-Up Set, kid's toy",https://dalleproduse.blob.core.windows.net/private/images/72d29924-5de2-4da4-ae01-0f6da0b5aed2/generated_00.png?se=2023-06-18T01%3A24%3A45Z&sig=t%2BPNUO%2BCQ6ogMTYz5TAab2VTh%2F6iFbEE%2BIogh9Q12SE%3D&ske=2023-06-24T00%3A35%3A53Z&skoid=09ba021e-c417-441c-b203-c81e5dcd7b7f&sks=b&skt=2023-06-17T00%3A35%3A53Z&sktid=33e01921-4d64-4f8c-a055-5bdaffd5e33d&skv=2020-10-02&sp=r&spr=https&sr=b&sv=2020-10-02
88,Little Sailor Boat Set,112,$19.99,"Little Sailor Boat Set, kid's toy",https://dalleproduse.blob.core.windows.net/private/images/586ad321-d422-4851-b1d0-f84753932c4f/generated_00.png?se=2023-06-18T01%3A24%3A48Z&sig=pxKKBUhW0RaDlpNWJNTbFFTtOZvSFO7f2O5%2FZcp2b6o%3D&ske=2023-06-24T00%3A35%3A53Z&skoid=09ba021e-c417-441c-b203-c81e5dcd7b7f&sks=b&skt=2023-06-17T00%3A35%3A53Z&sktid=33e01921-4d64-4f8c-a055-5bdaffd5e33d&skv=2020-10-02&sp=r&spr=https&sr=b&sv=2020-10-02
89,Little Scientist Lab Kit,113,$29.99,"Little Scientist Lab Kit, kid's toy",https://dalleproduse.blob.core.windows.net/private/images/8176002f-8667-41b3-a011-92ede26efe25/generated_00.png?se=2023-06-18T01%3A24%3A53Z&sig=If0Vi0fOy%2FxtgcX8YDXjTivD5rmyOJ9sZc7zjQHdapk%3D&ske=2023-06-23T07%3A22%3A14Z&skoid=09ba021e-c417-441c-b203-c81e5dcd7b7f&sks=b&skt=2023-06-16T07%3A22%3A14Z&sktid=33e01921-4d64-4f8c-a055-5bdaffd5e33d&skv=2020-10-02&sp=r&spr=https&sr=b&sv=2020-10-02
90,Little Surfer Beach Set,114,$19.99,"Little Surfer Beach Set, kid's toy",https://dalleproduse.blob.core.windows.net/private/images/3e26622d-ad79-4bf8-a8cf-f2f25c39dd62/generated_00.png?se=2023-06-18T01%3A25%3A09Z&sig=q63dGOfOdyWNZtKhRFMUhKqaRrmT%2FYtUNFKTHkb%2F960%3D&ske=2023-06-24T00%3A35%3A53Z&skoid=09ba021e-c417-441c-b203-c81e5dcd7b7f&sks=b&skt=2023-06-17T00%3A35%3A53Z&sktid=33e01921-4d64-4f8c-a055-5bdaffd5e33d&skv=2020-10-02&sp=r&spr=https&sr=b&sv=2020-10-02
91,Little Unicorn Play Set,115,$29.99,"Little Unicorn Play Set, kid's toy",https://dalleproduse.blob.core.windows.net/private/images/f8744553-01d9-4e03-ac13-0e87cea56cea/generated_00.png?se=2023-06-18T01%3A25%3A15Z&sig=iTUNswG7YPIYd3uoFF83lvzFY4NceQCSK1%2FQKimdWyA%3D&ske=2023-06-23T15%3A43%3A41Z&skoid=09ba021e-c417-441c-b203-c81e5dcd7b7f&sks=b&skt=2023-06-16T15%3A43%3A41Z&sktid=33e01921-4d64-4f8c-a055-5bdaffd5e33d&skv=2020-10-02&sp=r&spr=https&sr=b&sv=2020-10-02
92,Lively Learning Alphabet Set,116,$29.99,"Lively Learning Alphabet Set, kid's toy",https://dalleproduse.blob.core.windows.net/private/images/267851c0-cdda-4426-9d37-f85a77b9e7b3/generated_00.png?se=2023-06-18T01%3A25%3A19Z&sig=1wXYOXesp9fIF7bLt1Hd9qav3fMafFTRm6TtoveasZc%3D&ske=2023-06-23T07%3A22%3A14Z&skoid=09ba021e-c417-441c-b203-c81e5dcd7b7f&sks=b&skt=2023-06-16T07%3A22%3A14Z&sktid=33e01921-4d64-4f8c-a055-5bdaffd5e33d&skv=2020-10-02&sp=r&spr=https&sr=b&sv=2020-10-02
93,Magical Mermaid Play Set,117,$29.99,"Magical Mermaid Play Set, kid's toy",https://dalleproduse.blob.core.windows.net/private/images/09c35aed-9f08-4c94-b0ca-60717c336879/generated_00.png?se=2023-06-18T01%3A25%3A23Z&sig=zD3RRESWo2SYKPYDf4ZMuXPKOT5YvprIh5ezyhbj3h8%3D&ske=2023-06-24T00%3A35%3A53Z&skoid=09ba021e-c417-441c-b203-c81e5dcd7b7f&sks=b&skt=2023-06-17T00%3A35%3A53Z&sktid=33e01921-4d64-4f8c-a055-5bdaffd5e33d&skv=2020-10-02&sp=r&spr=https&sr=b&sv=2020-10-02
94,Magnificent Marble Run Set,118,$39.99,"Magnificent Marble Run Set, kid's toy",https://dalleproduse.blob.core.windows.net/private/images/933726a4-0f2c-475e-8123-4f4a992f6d0d/generated_00.png?se=2023-06-18T01%3A25%3A25Z&sig=yY1JCemYg24Zgod4sKSmENF5Gv8%2BQd7qjHDpqkQphOU%3D&ske=2023-06-24T00%3A35%3A53Z&skoid=09ba021e-c417-441c-b203-c81e5dcd7b7f&sks=b&skt=2023-06-17T00%3A35%3A53Z&sktid=33e01921-4d64-4f8c-a055-5bdaffd5e33d&skv=2020-10-02&sp=r&spr=https&sr=b&sv=2020-10-02
95,Make-Your-Own Robot Kit,119,$49.99,"Make-Your-Own Robot Kit, kid's toy",https://dalleproduse.blob.core.windows.net/private/images/03e1c3a1-ebe9-4a81-bc83-21e18ef8b4b0/generated_00.png?se=2023-06-18T01%3A25%3A33Z&sig=Uzhtr%2FYIagsOcttLoO4G96Dci0jB3X5YRqpXB8mVWBw%3D&ske=2023-06-23T15%3A43%3A41Z&skoid=09ba021e-c417-441c-b203-c81e5dcd7b7f&sks=b&skt=2023-06-16T15%3A43%3A41Z&sktid=33e01921-4d64-4f8c-a055-5bdaffd5e33d&skv=2020-10-02&sp=r&spr=https&sr=b&sv=2020-10-02
96,Medieval Knights Play Set,120,$24.99,"Medieval Knights Play Set, kid's toy",https://dalleproduse.blob.core.windows.net/private/images/9e49f80f-b8c4-4b07-81d0-10dbbfeb7311/generated_00.png?se=2023-06-18T01%3A25%3A35Z&sig=VdpvCGDVJX9PZ4A5bUEU8PMV568W2sES44OwlbWrwKQ%3D&ske=2023-06-24T00%3A35%3A53Z&skoid=09ba021e-c417-441c-b203-c81e5dcd7b7f&sks=b&skt=2023-06-17T00%3A35%3A53Z&sktid=33e01921-4d64-4f8c-a055-5bdaffd5e33d&skv=2020-10-02&sp=r&spr=https&sr=b&sv=2020-10-02
97,Mermaid's Cove Play Set,121,$29.99,"Mermaid's Cove Play Set, kid's toy",https://dalleproduse.blob.core.windows.net/private/images/dc062679-3ba5-412a-a01f-c1fd0119f203/generated_00.png?se=2023-06-18T01%3A25%3A43Z&sig=EgkjUHy5DiXnd%2ByRtzxmYwKOo6jnLDWgI9dIJ5X3m4U%3D&ske=2023-06-23T07%3A22%3A14Z&skoid=09ba021e-c417-441c-b203-c81e5dcd7b7f&sks=b&skt=2023-06-16T07%3A22%3A14Z&sktid=33e01921-4d64-4f8c-a055-5bdaffd5e33d&skv=2020-10-02&sp=r&spr=https&sr=b&sv=2020-10-02
98,Mini Basketball Hoop Set,122,$29.99,"Mini Basketball Hoop Set, kid's toy",https://dalleproduse.blob.core.windows.net/private/images/00461c46-4cbd-4b87-ab21-045e6e149cba/generated_00.png?se=2023-06-18T01%3A25%3A45Z&sig=E2rVpMnLOxvGbly8f9jyGcL0yIJ8dnglgt2CWp8LJ2I%3D&ske=2023-06-23T15%3A43%3A41Z&skoid=09ba021e-c417-441c-b203-c81e5dcd7b7f&sks=b&skt=2023-06-16T15%3A43%3A41Z&sktid=33e01921-4d64-4f8c-a055-5bdaffd5e33d&skv=2020-10-02&sp=r&spr=https&sr=b&sv=2020-10-02
99,Mini Golf Course Set,124,$24.99,"Mini Golf Course Set, kid's toy",https://dalleproduse.blob.core.windows.net/private/images/b02fcc89-2749-4f89-9808-bf759dbf4141/generated_00.png?se=2023-06-18T01%3A25%3A53Z&sig=w7jCm3SgkPrzsBzy1Yp3kbxc9i5%2FwmVyU3N3YCigqTw%3D&ske=2023-06-24T00%3A35%3A53Z&skoid=09ba021e-c417-441c-b203-c81e5dcd7b7f&sks=b&skt=2023-06-17T00%3A35%3A53Z&sktid=33e01921-4d64-4f8c-a055-5bdaffd5e33d&skv=2020-10-02&sp=r&spr=https&sr=b&sv=2020-10-02
100,Miniature Toy Cars,125,$9.99,"Miniature Toy Cars, kid's toy",https://dalleproduse.blob.core.windows.net/private/images/65831fc3-6faa-4c19-beb9-1e2894b73929/generated_00.png?se=2023-06-18T01%3A25%3A55Z&sig=wVtvxFC36gjhJEfoAuZTpOg%2F90sG1ZGZRbXMZ3pOcvo%3D&ske=2023-06-23T07%3A22%3A14Z&skoid=09ba021e-c417-441c-b203-c81e5dcd7b7f&sks=b&skt=2023-06-16T07%3A22%3A14Z&sktid=33e01921-4d64-4f8c-a055-5bdaffd5e33d&skv=2020-10-02&sp=r&spr=https&sr=b&sv=2020-10-02
101,Modern Dollhouse,126,$99.99,"Modern Dollhouse, kid's toy",https://dalleproduse.blob.core.windows.net/private/images/136a42ed-e822-46af-87ef-b437e6726479/generated_00.png?se=2023-06-18T01%3A25%3A55Z&sig=ZsFkcHdKL0iBC4tfHXAgnfTdpTP2YEVWlKCDw%2FlkIPg%3D&ske=2023-06-24T00%3A35%3A53Z&skoid=09ba021e-c417-441c-b203-c81e5dcd7b7f&sks=b&skt=2023-06-17T00%3A35%3A53Z&sktid=33e01921-4d64-4f8c-a055-5bdaffd5e33d&skv=2020-10-02&sp=r&spr=https&sr=b&sv=2020-10-02
102,Monkey Madness Play Set,127,$29.99,"Monkey Madness Play Set, kid's toy",https://dalleproduse.blob.core.windows.net/private/images/85d731ad-5d29-46b1-b847-4ac8a61cdc42/generated_00.png?se=2023-06-18T01%3A26%3A01Z&sig=c7Nk%2Bb2K64RMOH1KtoJyBCpzeqi863iBLpVWoeJO%2BpI%3D&ske=2023-06-24T00%3A35%3A53Z&skoid=09ba021e-c417-441c-b203-c81e5dcd7b7f&sks=b&skt=2023-06-17T00%3A35%3A53Z&sktid=33e01921-4d64-4f8c-a055-5bdaffd5e33d&skv=2020-10-02&sp=r&spr=https&sr=b&sv=2020-10-02
103,Moose and Bear Play Set,129,$24.99,"Moose and Bear Play Set, kid's toy",https://dalleproduse.blob.core.windows.net/private/images/5d2474e2-a1de-407d-b253-302365265879/generated_00.png?se=2023-06-18T01%3A26%3A03Z&sig=4skRKfrAi5nfvezsyQxD0nowBKy4MPu5xQ2VE6nSqHI%3D&ske=2023-06-23T07%3A22%3A14Z&skoid=09ba021e-c417-441c-b203-c81e5dcd7b7f&sks=b&skt=2023-06-16T07%3A22%3A14Z&sktid=33e01921-4d64-4f8c-a055-5bdaffd5e33d&skv=2020-10-02&sp=r&spr=https&sr=b&sv=2020-10-02
104,Musical Melodies Set,130,$29.99,"Musical Melodies Set, kid's toy",https://dalleproduse.blob.core.windows.net/private/images/176d8711-8638-4f4a-8197-426b41f78766/generated_00.png?se=2023-06-18T01%3A26%3A06Z&sig=faz81UGhRX2vNqH%2BAfHIw5iKxCcHgGN%2FRBhbNtAPwCQ%3D&ske=2023-06-23T07%3A22%3A14Z&skoid=09ba021e-c417-441c-b203-c81e5dcd7b7f&sks=b&skt=2023-06-16T07%3A22%3A14Z&sktid=33e01921-4d64-4f8c-a055-5bdaffd5e33d&skv=2020-10-02&sp=r&spr=https&sr=b&sv=2020-10-02
105,My First Tool Set,131,$19.99,"My First Tool Set, kid's toy",https://dalleproduse.blob.core.windows.net/private/images/e7bdbbfd-ddf6-44b8-af0c-608052b30230/generated_00.png?se=2023-06-18T01%3A26%3A09Z&sig=jv02PQbZBBCUPflm%2BHf935MMRjANLJ3sgoz9Z8odgiQ%3D&ske=2023-06-23T07%3A22%3A14Z&skoid=09ba021e-c417-441c-b203-c81e5dcd7b7f&sks=b&skt=2023-06-16T07%3A22%3A14Z&sktid=33e01921-4d64-4f8c-a055-5bdaffd5e33d&skv=2020-10-02&sp=r&spr=https&sr=b&sv=2020-10-02
106,Nature Explorer Kit,134,$29.99,"Nature Explorer Kit, kid's toy",https://dalleproduse.blob.core.windows.net/private/images/63fd6cd8-d797-4d21-ae89-e8a0cc59cf72/generated_00.png?se=2023-06-18T01%3A26%3A11Z&sig=Cx%2BqYjE66eFpJkKDLr4a8xG%2F0qvTr1cNiRTjXXO9dUU%3D&ske=2023-06-24T00%3A35%3A53Z&skoid=09ba021e-c417-441c-b203-c81e5dcd7b7f&sks=b&skt=2023-06-17T00%3A35%3A53Z&sktid=33e01921-4d64-4f8c-a055-5bdaffd5e33d&skv=2020-10-02&sp=r&spr=https&sr=b&sv=2020-10-02
107,Neon Glowstick Party Set,135,$15.99,"Neon Glowstick Party Set, kid's toy",https://dalleproduse.blob.core.windows.net/private/images/77ebf1d3-0d7a-4355-8ffb-70afb51e1f61/generated_00.png?se=2023-06-18T01%3A26%3A14Z&sig=svYwwiDXGSnfmnchQ6ZXbTvc5YLgCz5ruA4bsus4orQ%3D&ske=2023-06-24T00%3A35%3A53Z&skoid=09ba021e-c417-441c-b203-c81e5dcd7b7f&sks=b&skt=2023-06-17T00%3A35%3A53Z&sktid=33e01921-4d64-4f8c-a055-5bdaffd5e33d&skv=2020-10-02&sp=r&spr=https&sr=b&sv=2020-10-02
108,Ninja Warrior Obstacle Course,136,$199.99,"Ninja Warrior Obstacle Course, kid's toy",https://dalleproduse.blob.core.windows.net/private/images/2105bfa8-d6d7-40fb-904e-385e76a60330/generated_00.png?se=2023-06-18T01%3A26%3A17Z&sig=OnxdF4E4JwHFFqUTCYr%2B9pnktaAmNilgo0TI2zGyS1E%3D&ske=2023-06-23T07%3A22%3A14Z&skoid=09ba021e-c417-441c-b203-c81e5dcd7b7f&sks=b&skt=2023-06-16T07%3A22%3A14Z&sktid=33e01921-4d64-4f8c-a055-5bdaffd5e33d&skv=2020-10-02&sp=r&spr=https&sr=b&sv=2020-10-02
109,On-the-Go Car Set,139,$19.99,"On-the-Go Car Set, kid's toy",https://dalleproduse.blob.core.windows.net/private/images/be773dc3-73c6-4247-a01a-25d5044b72db/generated_00.png?se=2023-06-18T01%3A26%3A19Z&sig=diecqreaviEQC6UHI67IyxUlxJBJyHkKIqhYJowyW1M%3D&ske=2023-06-23T15%3A43%3A41Z&skoid=09ba021e-c417-441c-b203-c81e5dcd7b7f&sks=b&skt=2023-06-16T15%3A43%3A41Z&sktid=33e01921-4d64-4f8c-a055-5bdaffd5e33d&skv=2020-10-02&sp=r&spr=https&sr=b&sv=2020-10-02
110,Paint-Your-Own Figurines Kit,141,$19.99,"Paint-Your-Own Figurines Kit, kid's toy",https://dalleproduse.blob.core.windows.net/private/images/e065bc92-af2b-4aac-ac2c-4e5858da3980/generated_00.png?se=2023-06-18T01%3A26%3A22Z&sig=MN6dPTbxvNQ2GJzGTvw5z%2FdfoQOlnl0ztiWZ3gXaQyw%3D&ske=2023-06-23T07%3A22%3A14Z&skoid=09ba021e-c417-441c-b203-c81e5dcd7b7f&sks=b&skt=2023-06-16T07%3A22%3A14Z&sktid=33e01921-4d64-4f8c-a055-5bdaffd5e33d&skv=2020-10-02&sp=r&spr=https&sr=b&sv=2020-10-02
111,Paper Airplane Launcher Set,142,$19.99,"Paper Airplane Launcher Set, kid's toy",https://dalleproduse.blob.core.windows.net/private/images/db67a0b3-0e97-407e-815d-105d7d23d001/generated_00.png?se=2023-06-18T01%3A26%3A25Z&sig=8IKNlnEl5UdNHT4osLhmf%2B3M1zt1pDf2YEvHbhi3vzI%3D&ske=2023-06-23T07%3A22%3A14Z&skoid=09ba021e-c417-441c-b203-c81e5dcd7b7f&sks=b&skt=2023-06-16T07%3A22%3A14Z&sktid=33e01921-4d64-4f8c-a055-5bdaffd5e33d&skv=2020-10-02&sp=r&spr=https&sr=b&sv=2020-10-02
112,Party Time Play Tent,144,$39.99,"Party Time Play Tent, kid's toy",https://dalleproduse.blob.core.windows.net/private/images/371a742f-9add-4377-abab-78dd39b45e64/generated_00.png?se=2023-06-18T01%3A26%3A27Z&sig=XLUZnvUVUhooJFB16j6PpwdoPFY9EScmJVM5T%2FYJfJ4%3D&ske=2023-06-24T00%3A35%3A53Z&skoid=09ba021e-c417-441c-b203-c81e5dcd7b7f&sks=b&skt=2023-06-17T00%3A35%3A53Z&sktid=33e01921-4d64-4f8c-a055-5bdaffd5e33d&skv=2020-10-02&sp=r&spr=https&sr=b&sv=2020-10-02
113,Paw Patrol Rescue Set,145,$24.99,"Paw Patrol Rescue Set, kid's toy",https://dalleproduse.blob.core.windows.net/private/images/e7c36ea8-c471-4c80-8596-db8f1b08c931/generated_00.png?se=2023-06-18T01%3A26%3A30Z&sig=sP1vk1dtkh%2Fb5AZDF2M3sIeNWrssnDaUsCBMBH1Zwgs%3D&ske=2023-06-23T15%3A43%3A41Z&skoid=09ba021e-c417-441c-b203-c81e5dcd7b7f&sks=b&skt=2023-06-16T15%3A43%3A41Z&sktid=33e01921-4d64-4f8c-a055-5bdaffd5e33d&skv=2020-10-02&sp=r&spr=https&sr=b&sv=2020-10-02
114,Peppa Pig Playhouse,146,$29.99,"Peppa Pig Playhouse, kid's toy",https://dalleproduse.blob.core.windows.net/private/images/b2b70399-0486-4e1a-9246-9945fc8bc00d/generated_00.png?se=2023-06-18T01%3A26%3A33Z&sig=BYQ3UMUTlgPx8gSTMwXGVWDUHOYGhBDm2hBRqNzEgKU%3D&ske=2023-06-23T15%3A43%3A41Z&skoid=09ba021e-c417-441c-b203-c81e5dcd7b7f&sks=b&skt=2023-06-16T15%3A43%3A41Z&sktid=33e01921-4d64-4f8c-a055-5bdaffd5e33d&skv=2020-10-02&sp=r&spr=https&sr=b&sv=2020-10-02
115,Pet Vet Play Set,147,$29.99,"Pet Vet Play Set, kid's toy",https://dalleproduse.blob.core.windows.net/private/images/e60d55f5-9166-434c-98a7-b5f70d9bbb0a/generated_00.png?se=2023-06-18T01%3A26%3A35Z&sig=D9vxHzIWu2bcB3A2vKrCW5xYCbdkxVnS9tQ5HBnWpC8%3D&ske=2023-06-24T00%3A35%3A53Z&skoid=09ba021e-c417-441c-b203-c81e5dcd7b7f&sks=b&skt=2023-06-17T00%3A35%3A53Z&sktid=33e01921-4d64-4f8c-a055-5bdaffd5e33d&skv=2020-10-02&sp=r&spr=https&sr=b&sv=2020-10-02
116,Pirate's Cove Play Set,148,$39.99,"Pirate's Cove Play Set, kid's toy",https://dalleproduse.blob.core.windows.net/private/images/9d7f5a91-fb23-4a74-a8e8-c3ca0152bb24/generated_00.png?se=2023-06-18T01%3A26%3A38Z&sig=ljiPnkyNMz1gtjrN82EtIozl1f%2FJ%2FoXUk7QrGk%2FC2ao%3D&ske=2023-06-23T07%3A22%3A14Z&skoid=09ba021e-c417-441c-b203-c81e5dcd7b7f&sks=b&skt=2023-06-16T07%3A22%3A14Z&sktid=33e01921-4d64-4f8c-a055-5bdaffd5e33d&skv=2020-10-02&sp=r&spr=https&sr=b&sv=2020-10-02
117,Playful Puppies Set,149,$25.99,"Playful Puppies Set, kid's toy",https://dalleproduse.blob.core.windows.net/private/images/0e60a67e-da72-431b-af3e-f969d1db6815/generated_00.png?se=2023-06-18T01%3A26%3A41Z&sig=bh8KlYnzJwkGg5QfEmwGQnWZut9%2FUmntlRp4VSuq1po%3D&ske=2023-06-24T00%3A35%3A53Z&skoid=09ba021e-c417-441c-b203-c81e5dcd7b7f&sks=b&skt=2023-06-17T00%3A35%3A53Z&sktid=33e01921-4d64-4f8c-a055-5bdaffd5e33d&skv=2020-10-02&sp=r&spr=https&sr=b&sv=2020-10-02
118,Pocket Puzzle Game Set,150,$12.99,"Pocket Puzzle Game Set, kid's toy",https://dalleproduse.blob.core.windows.net/private/images/c25353fc-cfc5-42e8-88fb-288fd40f1413/generated_00.png?se=2023-06-18T01%3A26%3A44Z&sig=U%2F3JmzoGOTA%2BffAOakDFhZr4%2B9WJlfNQlJYJmriwrZk%3D&ske=2023-06-24T00%3A35%3A53Z&skoid=09ba021e-c417-441c-b203-c81e5dcd7b7f&sks=b&skt=2023-06-17T00%3A35%3A53Z&sktid=33e01921-4d64-4f8c-a055-5bdaffd5e33d&skv=2020-10-02&sp=r&spr=https&sr=b&sv=2020-10-02
119,Police Station Play Set,151,$29.99,"Police Station Play Set, kid's toy",https://dalleproduse.blob.core.windows.net/private/images/64551271-ef8e-4f22-8441-d7c9247ea059/generated_00.png?se=2023-06-18T01%3A26%3A46Z&sig=zNVLUxUUexHfzC%2FOUChcURFqOanGlAwh%2BHAfKGY29ns%3D&ske=2023-06-24T00%3A35%3A53Z&skoid=09ba021e-c417-441c-b203-c81e5dcd7b7f&sks=b&skt=2023-06-17T00%3A35%3A53Z&sktid=33e01921-4d64-4f8c-a055-5bdaffd5e33d&skv=2020-10-02&sp=r&spr=https&sr=b&sv=2020-10-02
120,Pony Ranch Play Set,152,$29.99,"Pony Ranch Play Set, kid's toy",https://dalleproduse.blob.core.windows.net/private/images/d1489bbc-873a-419d-85ed-ff49a0fc8203/generated_00.png?se=2023-06-18T01%3A26%3A49Z&sig=TZxjQ%2BBDjXKdtgmwEeXM6ZPjKL7RyKfVtxZd8Z8lmmY%3D&ske=2023-06-23T15%3A43%3A41Z&skoid=09ba021e-c417-441c-b203-c81e5dcd7b7f&sks=b&skt=2023-06-16T15%3A43%3A41Z&sktid=33e01921-4d64-4f8c-a055-5bdaffd5e33d&skv=2020-10-02&sp=r&spr=https&sr=b&sv=2020-10-02
121,Pop-Up Playhouse Tent,153,$29.99,"Pop-Up Playhouse Tent, kid's toy",https://dalleproduse.blob.core.windows.net/private/images/87d6b905-d46f-4346-84ab-047f1b4cc030/generated_00.png?se=2023-06-18T01%3A26%3A52Z&sig=aIPVTS1X2a5dzI9ksHY3Z%2FEcMub6qJPvVjE8D4Hn6Xg%3D&ske=2023-06-23T07%3A22%3A14Z&skoid=09ba021e-c417-441c-b203-c81e5dcd7b7f&sks=b&skt=2023-06-16T07%3A22%3A14Z&sktid=33e01921-4d64-4f8c-a055-5bdaffd5e33d&skv=2020-10-02&sp=r&spr=https&sr=b&sv=2020-10-02
122,Prehistoric Dino Play Set,155,$29.99,"Prehistoric Dino Play Set, kid's toy",https://dalleproduse.blob.core.windows.net/private/images/dafbbe4d-3860-4f75-97f9-5b061af633b9/generated_00.png?se=2023-06-18T01%3A26%3A54Z&sig=7PS4p5GVogiwI8tvbByJCn6PWWV7Yy2BUzE3uON%2Bi9c%3D&ske=2023-06-23T15%3A43%3A41Z&skoid=09ba021e-c417-441c-b203-c81e5dcd7b7f&sks=b&skt=2023-06-16T15%3A43%3A41Z&sktid=33e01921-4d64-4f8c-a055-5bdaffd5e33d&skv=2020-10-02&sp=r&spr=https&sr=b&sv=2020-10-02
123,Pretty Purses Fashion Set,156,$19.99,"Pretty Purses Fashion Set, kid's toy",https://dalleproduse.blob.core.windows.net/private/images/82fad22e-d8bc-4c26-b9dd-e151fd2f84f8/generated_00.png?se=2023-06-18T01%3A26%3A57Z&sig=J2isgR7QeuR03qih989zVIGB9SGLsVibW7sv2S%2BLwmM%3D&ske=2023-06-23T07%3A22%3A14Z&skoid=09ba021e-c417-441c-b203-c81e5dcd7b7f&sks=b&skt=2023-06-16T07%3A22%3A14Z&sktid=33e01921-4d64-4f8c-a055-5bdaffd5e33d&skv=2020-10-02&sp=r&spr=https&sr=b&sv=2020-10-02
124,Puppy Pal Play Set,158,$19.99,"Puppy Pal Play Set, kid's toy",https://dalleproduse.blob.core.windows.net/private/images/c3f0df02-fb4a-4748-af2c-a5620d7b6f09/generated_00.png?se=2023-06-18T01%3A27%3A00Z&sig=Df3dkUN2mg5fSM3O4ad5d0k7fvHU8rfyGvasSPk4zzw%3D&ske=2023-06-23T07%3A22%3A14Z&skoid=09ba021e-c417-441c-b203-c81e5dcd7b7f&sks=b&skt=2023-06-16T07%3A22%3A14Z&sktid=33e01921-4d64-4f8c-a055-5bdaffd5e33d&skv=2020-10-02&sp=r&spr=https&sr=b&sv=2020-10-02
125,Puzzle Planet Set,159,$29.99,"Puzzle Planet Set, kid's toy",https://dalleproduse.blob.core.windows.net/private/images/ac9d45f1-d3b3-40c7-bbb7-69c7ee1e0d7b/generated_00.png?se=2023-06-18T01%3A27%3A02Z&sig=aAEpBFcLtmBw%2FJbb%2BCDVWFWj%2B%2BsrIwKdkIXYChWAWQs%3D&ske=2023-06-24T00%3A35%3A53Z&skoid=09ba021e-c417-441c-b203-c81e5dcd7b7f&sks=b&skt=2023-06-17T00%3A35%3A53Z&sktid=33e01921-4d64-4f8c-a055-5bdaffd5e33d&skv=2020-10-02&sp=r&spr=https&sr=b&sv=2020-10-02
126,Racing Ramps Play Set,162,$29.99,"Racing Ramps Play Set, kid's toy",https://dalleproduse.blob.core.windows.net/private/images/67423f47-5294-43b4-9c94-7dd68889e04a/generated_00.png?se=2023-06-18T01%3A27%3A05Z&sig=5I%2BkWGQ%2BtNygr8NQOldaINzx%2FFNVDenjHQSdb6OPErU%3D&ske=2023-06-24T00%3A35%3A53Z&skoid=09ba021e-c417-441c-b203-c81e5dcd7b7f&sks=b&skt=2023-06-17T00%3A35%3A53Z&sktid=33e01921-4d64-4f8c-a055-5bdaffd5e33d&skv=2020-10-02&sp=r&spr=https&sr=b&sv=2020-10-02
127,Radiant Rainforest Play Set,163,$39.99,"Radiant Rainforest Play Set, kid's toy",https://dalleproduse.blob.core.windows.net/private/images/37e75fae-49f3-48ff-8a68-7f3c57214cc1/generated_00.png?se=2023-06-18T01%3A27%3A08Z&sig=k94u%2B4o4b1jOlsCAt4Y8zZTM%2B3uoqHQHWI6FOKYKoAc%3D&ske=2023-06-23T07%3A22%3A14Z&skoid=09ba021e-c417-441c-b203-c81e5dcd7b7f&sks=b&skt=2023-06-16T07%3A22%3A14Z&sktid=33e01921-4d64-4f8c-a055-5bdaffd5e33d&skv=2020-10-02&sp=r&spr=https&sr=b&sv=2020-10-02
128,Ready-to-Go Camping Set,165,$29.99,"Ready-to-Go Camping Set, kid's toy",https://dalleproduse.blob.core.windows.net/private/images/f03b8747-44e5-47a8-81e5-c90add0693c3/generated_00.png?se=2023-06-18T01%3A27%3A10Z&sig=XPE9YbMLRMEc90uuMaG4T2wZigrP9Bry8qkXK2EBSec%3D&ske=2023-06-23T15%3A43%3A41Z&skoid=09ba021e-c417-441c-b203-c81e5dcd7b7f&sks=b&skt=2023-06-16T15%3A43%3A41Z&sktid=33e01921-4d64-4f8c-a055-5bdaffd5e33d&skv=2020-10-02&sp=r&spr=https&sr=b&sv=2020-10-02
129,Rescue Hero Play Set,166,$29.99,"Rescue Hero Play Set, kid's toy",https://dalleproduse.blob.core.windows.net/private/images/8cf59d10-e874-4d09-8d4c-f13c84c04f56/generated_00.png?se=2023-06-18T01%3A27%3A13Z&sig=J1tu%2FXA%2Fp%2BwDzwH0ntRS9DwGIfOTP9B85ps%2FCzIrmRc%3D&ske=2023-06-23T15%3A43%3A41Z&skoid=09ba021e-c417-441c-b203-c81e5dcd7b7f&sks=b&skt=2023-06-16T15%3A43%3A41Z&sktid=33e01921-4d64-4f8c-a055-5bdaffd5e33d&skv=2020-10-02&sp=r&spr=https&sr=b&sv=2020-10-02
130,Retro Toy Car Set,167,$29.99,"Retro Toy Car Set, kid's toy",https://dalleproduse.blob.core.windows.net/private/images/5a21abf7-21e8-485f-b4c6-04a9c4ac1dc3/generated_00.png?se=2023-06-18T01%3A27%3A16Z&sig=MIq5L3FmdDM0QzdcGXW0qCKPl%2FjsE9Y45DubKesCPhU%3D&ske=2023-06-24T00%3A35%3A53Z&skoid=09ba021e-c417-441c-b203-c81e5dcd7b7f&sks=b&skt=2023-06-17T00%3A35%3A53Z&sktid=33e01921-4d64-4f8c-a055-5bdaffd5e33d&skv=2020-10-02&sp=r&spr=https&sr=b&sv=2020-10-02
131,Rock Climbing Play Set,168,$179.99,"Rock Climbing Play Set, kid's toy",https://dalleproduse.blob.core.windows.net/private/images/a6249918-383f-4ea7-809e-ed406443fdf4/generated_00.png?se=2023-06-18T01%3A27%3A18Z&sig=FUGlbkJeNUn%2BlSMjk%2BiPn9XyA7Q12dNqgPC8d0Nnu9I%3D&ske=2023-06-23T15%3A43%3A41Z&skoid=09ba021e-c417-441c-b203-c81e5dcd7b7f&sks=b&skt=2023-06-16T15%3A43%3A41Z&sktid=33e01921-4d64-4f8c-a055-5bdaffd5e33d&skv=2020-10-02&sp=r&spr=https&sr=b&sv=2020-10-02
132,Roll-a-Ball Bowling Set,169,$29.99,"Roll-a-Ball Bowling Set, kid's toy",https://dalleproduse.blob.core.windows.net/private/images/c825d610-08ee-4c1d-8b4e-129faae392b6/generated_00.png?se=2023-06-18T01%3A27%3A21Z&sig=0wAmtQZfZ4d2E4MeSak1n%2F9JN%2FCDsQWQwat5kKk5Bdc%3D&ske=2023-06-23T07%3A22%3A14Z&skoid=09ba021e-c417-441c-b203-c81e5dcd7b7f&sks=b&skt=2023-06-16T07%3A22%3A14Z&sktid=33e01921-4d64-4f8c-a055-5bdaffd5e33d&skv=2020-10-02&sp=r&spr=https&sr=b&sv=2020-10-02
133,Scary Monster Play Set,175,$19.99,"Scary Monster Play Set, kid's toy",https://dalleproduse.blob.core.windows.net/private/images/2f5edaef-b2c2-40f4-bb43-802c2662c6cc/generated_00.png?se=2023-06-18T01%3A27%3A24Z&sig=4fLkNqHZ%2BEDchgLHoQAk3jgRz5EMITHpE2ohr5bz%2Bzo%3D&ske=2023-06-23T15%3A43%3A41Z&skoid=09ba021e-c417-441c-b203-c81e5dcd7b7f&sks=b&skt=2023-06-16T15%3A43%3A41Z&sktid=33e01921-4d64-4f8c-a055-5bdaffd5e33d&skv=2020-10-02&sp=r&spr=https&sr=b&sv=2020-10-02
134,Science Lab Experiment Kit,177,$29.99,"Science Lab Experiment Kit, kid's toy",https://dalleproduse.blob.core.windows.net/private/images/ca43b4e2-a263-46ce-ae18-0fe998340026/generated_00.png?se=2023-06-18T01%3A27%3A26Z&sig=SwoVgHj%2FdXFGj1pO94ViOOwudKRC%2FRB2wfgfJb13sdU%3D&ske=2023-06-23T15%3A43%3A41Z&skoid=09ba021e-c417-441c-b203-c81e5dcd7b7f&sks=b&skt=2023-06-16T15%3A43%3A41Z&sktid=33e01921-4d64-4f8c-a055-5bdaffd5e33d&skv=2020-10-02&sp=r&spr=https&sr=b&sv=2020-10-02
135,Seaside Adventure Play Set,179,$39.99,"Seaside Adventure Play Set, kid's toy",https://dalleproduse.blob.core.windows.net/private/images/ebe9cc76-a9a8-4b9d-99f9-8ceaa98f37b8/generated_00.png?se=2023-06-18T01%3A27%3A29Z&sig=wuNF0R4nqLNvyhalRxIQv01wtzcW9ELFwuHIt3fNITs%3D&ske=2023-06-24T00%3A35%3A53Z&skoid=09ba021e-c417-441c-b203-c81e5dcd7b7f&sks=b&skt=2023-06-17T00%3A35%3A53Z&sktid=33e01921-4d64-4f8c-a055-5bdaffd5e33d&skv=2020-10-02&sp=r&spr=https&sr=b&sv=2020-10-02
136,Sensory Play Kit,181,$29.99,"Sensory Play Kit, kid's toy",https://dalleproduse.blob.core.windows.net/private/images/239480c2-09df-4a74-a4dd-6d4187d88660/generated_00.png?se=2023-06-18T01%3A27%3A32Z&sig=1FGPhe53G8rLknJfCqFgqv%2B0ui5Ehyn0zJAK2LBZD0g%3D&ske=2023-06-23T07%3A22%3A14Z&skoid=09ba021e-c417-441c-b203-c81e5dcd7b7f&sks=b&skt=2023-06-16T07%3A22%3A14Z&sktid=33e01921-4d64-4f8c-a055-5bdaffd5e33d&skv=2020-10-02&sp=r&spr=https&sr=b&sv=2020-10-02
137,Shark Attack Play Set,182,$29.99,"Shark Attack Play Set, kid's toy",https://dalleproduse.blob.core.windows.net/private/images/8df8efd9-6040-42ba-b7ea-f52e2841c2a0/generated_00.png?se=2023-06-18T01%3A27%3A37Z&sig=nD%2BBKMPYuszrZdEKPb2EL3E4fnJYGy4dnY%2F6qIlMGf0%3D&ske=2023-06-24T00%3A35%3A53Z&skoid=09ba021e-c417-441c-b203-c81e5dcd7b7f&sks=b&skt=2023-06-17T00%3A35%3A53Z&sktid=33e01921-4d64-4f8c-a055-5bdaffd5e33d&skv=2020-10-02&sp=r&spr=https&sr=b&sv=2020-10-02
138,Skate Park Play Set,186,$29.99,"Skate Park Play Set, kid's toy",https://dalleproduse.blob.core.windows.net/private/images/8d710938-8a4d-4f69-bed0-18c7118ef0e2/generated_00.png?se=2023-06-18T01%3A34%3A19Z&sig=ucAKksG7OS0dOx8kDi8k8W0ahKxZtFwCI2km9GBJfWo%3D&ske=2023-06-23T15%3A43%3A41Z&skoid=09ba021e-c417-441c-b203-c81e5dcd7b7f&sks=b&skt=2023-06-16T15%3A43%3A41Z&sktid=33e01921-4d64-4f8c-a055-5bdaffd5e33d&skv=2020-10-02&sp=r&spr=https&sr=b&sv=2020-10-02
139,Sky High Helicopter Set,187,$29.99,"Sky High Helicopter Set, kid's toy",https://dalleproduse.blob.core.windows.net/private/images/9c4b1a9d-2c8a-4339-8760-3d8f4b6202c2/generated_00.png?se=2023-06-18T01%3A27%3A40Z&sig=IOj2ov1SMaseXQ3J8zw1ABAFOrqwEQ3XlkDlU0yYOBc%3D&ske=2023-06-23T15%3A43%3A41Z&skoid=09ba021e-c417-441c-b203-c81e5dcd7b7f&sks=b&skt=2023-06-16T15%3A43%3A41Z&sktid=33e01921-4d64-4f8c-a055-5bdaffd5e33d&skv=2020-10-02&sp=r&spr=https&sr=b&sv=2020-10-02
140,Slime Factory Kit,188,$19.99,"Slime Factory Kit, kid's toy",https://dalleproduse.blob.core.windows.net/private/images/ca0b859d-b4c2-41c5-8d9d-117a12cd8c86/generated_00.png?se=2023-06-18T01%3A27%3A45Z&sig=YG35Mb7ktsYYKT%2FvXu018VEtnNlxotfSCMDlJEVLfNg%3D&ske=2023-06-23T15%3A43%3A41Z&skoid=09ba021e-c417-441c-b203-c81e5dcd7b7f&sks=b&skt=2023-06-16T15%3A43%3A41Z&sktid=33e01921-4d64-4f8c-a055-5bdaffd5e33d&skv=2020-10-02&sp=r&spr=https&sr=b&sv=2020-10-02
141,Snug Sleepover Play Set,189,$49.99,"Snug Sleepover Play Set, kid's toy",https://dalleproduse.blob.core.windows.net/private/images/7f5be1d0-b756-4e0c-9240-91500c885402/generated_00.png?se=2023-06-18T01%3A27%3A47Z&sig=STtSIYnzqdZaBSNzyGpjiHkUscmhNUUkz%2B9wIL48Dj0%3D&ske=2023-06-23T07%3A22%3A14Z&skoid=09ba021e-c417-441c-b203-c81e5dcd7b7f&sks=b&skt=2023-06-16T07%3A22%3A14Z&sktid=33e01921-4d64-4f8c-a055-5bdaffd5e33d&skv=2020-10-02&sp=r&spr=https&sr=b&sv=2020-10-02
142,Soccer Star Play Set,190,$19.99,"Soccer Star Play Set, kid's toy",https://dalleproduse.blob.core.windows.net/private/images/88dde3d3-3c98-4e9f-bca7-de81b3d8dcb5/generated_00.png?se=2023-06-18T01%3A27%3A55Z&sig=%2Ffd3N8xqiCEaow1uWNoso9Ryzap5Z%2BUIoiSEwqxW6Lw%3D&ske=2023-06-23T15%3A43%3A41Z&skoid=09ba021e-c417-441c-b203-c81e5dcd7b7f&sks=b&skt=2023-06-16T15%3A43%3A41Z&sktid=33e01921-4d64-4f8c-a055-5bdaffd5e33d&skv=2020-10-02&sp=r&spr=https&sr=b&sv=2020-10-02
143,Space Shuttle Adventure Set,191,$29.99,"Space Shuttle Adventure Set, kid's toy",https://dalleproduse.blob.core.windows.net/private/images/436b7ac8-2755-4926-b717-cfc7e1135f40/generated_00.png?se=2023-06-18T01%3A28%3A00Z&sig=ipA18D1H0rK09mg757i9XkGMoC2h4cUWuNOgKhQ7h3Q%3D&ske=2023-06-24T00%3A35%3A53Z&skoid=09ba021e-c417-441c-b203-c81e5dcd7b7f&sks=b&skt=2023-06-17T00%3A35%3A53Z&sktid=33e01921-4d64-4f8c-a055-5bdaffd5e33d&skv=2020-10-02&sp=r&spr=https&sr=b&sv=2020-10-02
144,Spooky Mansion Play Set,192,$29.99,"Spooky Mansion Play Set, kid's toy",https://dalleproduse.blob.core.windows.net/private/images/1255cdfb-cf29-44d3-9ee8-75a74b0f82b2/generated_00.png?se=2023-06-18T01%3A28%3A06Z&sig=mjPg%2BMQug3H3lsb6oXFcMB3MBGA4p%2BhjymlAhw0gBfs%3D&ske=2023-06-23T07%3A22%3A14Z&skoid=09ba021e-c417-441c-b203-c81e5dcd7b7f&sks=b&skt=2023-06-16T07%3A22%3A14Z&sktid=33e01921-4d64-4f8c-a055-5bdaffd5e33d&skv=2020-10-02&sp=r&spr=https&sr=b&sv=2020-10-02
145,Sports Stadium Play Set,193,$29.99,"Sports Stadium Play Set, kid's toy",https://dalleproduse.blob.core.windows.net/private/images/61b3c292-896f-46e5-9026-158ba1b8b2fe/generated_00.png?se=2023-06-18T01%3A28%3A10Z&sig=cdS8kugAipDOLd4UrS3%2FSGDO5rbl1m2qxXytCrmRlrs%3D&ske=2023-06-24T00%3A35%3A53Z&skoid=09ba021e-c417-441c-b203-c81e5dcd7b7f&sks=b&skt=2023-06-17T00%3A35%3A53Z&sktid=33e01921-4d64-4f8c-a055-5bdaffd5e33d&skv=2020-10-02&sp=r&spr=https&sr=b&sv=2020-10-02
146,Stegosaurus Skeleton Dino Set,196,$29.99,"Stegosaurus Skeleton Dino Set, kid's toy",https://dalleproduse.blob.core.windows.net/private/images/3fb89c68-3afe-46e1-a2db-eba77990d4f6/generated_00.png?se=2023-06-18T01%3A28%3A11Z&sig=pGYSAsQsqWDLMMrCwjpdPCcMDCWmMXUemU4vP4jwtHw%3D&ske=2023-06-23T15%3A43%3A41Z&skoid=09ba021e-c417-441c-b203-c81e5dcd7b7f&sks=b&skt=2023-06-16T15%3A43%3A41Z&sktid=33e01921-4d64-4f8c-a055-5bdaffd5e33d&skv=2020-10-02&sp=r&spr=https&sr=b&sv=2020-10-02
147,Stellar Spaceship Play Set,197,$39.99,"Stellar Spaceship Play Set, kid's toy",https://dalleproduse.blob.core.windows.net/private/images/6a64a049-3a02-4dc4-9d99-2fe4f8e14ec3/generated_00.png?se=2023-06-18T01%3A28%3A15Z&sig=FRBAtHGbfwp%2FOuiaaApc8a4%2Bu7r8EL8wxLST3nlotfU%3D&ske=2023-06-23T15%3A43%3A41Z&skoid=09ba021e-c417-441c-b203-c81e5dcd7b7f&sks=b&skt=2023-06-16T15%3A43%3A41Z&sktid=33e01921-4d64-4f8c-a055-5bdaffd5e33d&skv=2020-10-02&sp=r&spr=https&sr=b&sv=2020-10-02
148,Strawberry Shortcake Play Set,198,$24.99,"Strawberry Shortcake Play Set, kid's toy",https://dalleproduse.blob.core.windows.net/private/images/1f3cefa4-82be-4efe-8ff1-3c935c8b70e4/generated_00.png?se=2023-06-18T01%3A28%3A20Z&sig=BRPbPRuGTcy10uYkRnwx7FIJGTnx19jaEr0gLlQgQRc%3D&ske=2023-06-24T00%3A35%3A53Z&skoid=09ba021e-c417-441c-b203-c81e5dcd7b7f&sks=b&skt=2023-06-17T00%3A35%3A53Z&sktid=33e01921-4d64-4f8c-a055-5bdaffd5e33d&skv=2020-10-02&sp=r&spr=https&sr=b&sv=2020-10-02
149,Summer Fun Beach Set,199,$19.99,"Summer Fun Beach Set, kid's toy",https://dalleproduse.blob.core.windows.net/private/images/aea79304-8726-4c4a-bd3e-292617645ae4/generated_00.png?se=2023-06-18T01%3A28%3A20Z&sig=q2DxFLjLwrWGcYdAtPWVyqO9lJq21vjQ%2FwbmtT%2BgzSc%3D&ske=2023-06-24T00%3A35%3A53Z&skoid=09ba021e-c417-441c-b203-c81e5dcd7b7f&sks=b&skt=2023-06-17T00%3A35%3A53Z&sktid=33e01921-4d64-4f8c-a055-5bdaffd5e33d&skv=2020-10-02&sp=r&spr=https&sr=b&sv=2020-10-02
150,Superhero Action Figures,200,$19.99,"Superhero Action Figures, kid's toy",https://dalleproduse.blob.core.windows.net/private/images/8d3926f6-b90e-4d58-8c29-ce4a2e800e2a/generated_00.png?se=2023-06-18T01%3A28%3A26Z&sig=s%2BsXfRF6l9aHmDdHXUq5wZH3err7zqagoJGF4EAXWPE%3D&ske=2023-06-23T15%3A43%3A41Z&skoid=09ba021e-c417-441c-b203-c81e5dcd7b7f&sks=b&skt=2023-06-16T15%3A43%3A41Z&sktid=33e01921-4d64-4f8c-a055-5bdaffd5e33d&skv=2020-10-02&sp=r&spr=https&sr=b&sv=2020-10-02
151,Super Mario Brothers Play Set,201,$39.99,"Super Mario Brothers Play Set, kid's toy",https://dalleproduse.blob.core.windows.net/private/images/974a3066-bc82-4afc-b993-a3b0ef683fd7/generated_00.png?se=2023-06-18T01%3A28%3A34Z&sig=zywhwPyL8oRJ17qwNqrKn3e5S%2Fmav9jLFU5qWxOpeJI%3D&ske=2023-06-24T00%3A35%3A53Z&skoid=09ba021e-c417-441c-b203-c81e5dcd7b7f&sks=b&skt=2023-06-17T00%3A35%3A53Z&sktid=33e01921-4d64-4f8c-a055-5bdaffd5e33d&skv=2020-10-02&sp=r&spr=https&sr=b&sv=2020-10-02
152,Sweet Shoppe Play Set,202,$25.99,"Sweet Shoppe Play Set, kid's toy",https://dalleproduse.blob.core.windows.net/private/images/49e3bb38-bfb0-4e02-baa1-2e8b02c05695/generated_00.png?se=2023-06-18T01%3A28%3A34Z&sig=qRvM4qH3Z%2FwshsQuGIdoMz39ePhuTXPHG7g%2FaKsJzb0%3D&ske=2023-06-23T07%3A22%3A14Z&skoid=09ba021e-c417-441c-b203-c81e5dcd7b7f&sks=b&skt=2023-06-16T07%3A22%3A14Z&sktid=33e01921-4d64-4f8c-a055-5bdaffd5e33d&skv=2020-10-02&sp=r&spr=https&sr=b&sv=2020-10-02
153,T-Rex Dinosaur Play Set,203,$24.99,"T-Rex Dinosaur Play Set, kid's toy",https://dalleproduse.blob.core.windows.net/private/images/a6c9d3b0-fc1e-472b-a5ce-3675690cbc18/generated_00.png?se=2023-06-18T01%3A28%3A40Z&sig=b%2BlM8ieXIsoauAtvtJT7sSu9of%2B3a4o2dG7NSWdqrN0%3D&ske=2023-06-23T07%3A22%3A14Z&skoid=09ba021e-c417-441c-b203-c81e5dcd7b7f&sks=b&skt=2023-06-16T07%3A22%3A14Z&sktid=33e01921-4d64-4f8c-a055-5bdaffd5e33d&skv=2020-10-02&sp=r&spr=https&sr=b&sv=2020-10-02
154,Table Tennis Set,204,$25.99,"Table Tennis Set, kid's toy",https://dalleproduse.blob.core.windows.net/private/images/b2ab20be-ddea-48aa-bb65-8e997521af81/generated_00.png?se=2023-06-18T01%3A28%3A42Z&sig=KEW0niTu9xpqlWyba5Ajm2niGJrL8I019yh5S1voDx0%3D&ske=2023-06-23T15%3A43%3A41Z&skoid=09ba021e-c417-441c-b203-c81e5dcd7b7f&sks=b&skt=2023-06-16T15%3A43%3A41Z&sktid=33e01921-4d64-4f8c-a055-5bdaffd5e33d&skv=2020-10-02&sp=r&spr=https&sr=b&sv=2020-10-02
155,Tasty Treats Kitchen Set,205,$29.99,"Tasty Treats Kitchen Set, kid's toy",https://dalleproduse.blob.core.windows.net/private/images/3f635a5d-bf64-475c-bfcc-421593a87ca1/generated_00.png?se=2023-06-18T01%3A28%3A47Z&sig=Xy0nb8unV9iZS7s4HYJsnoqcnYvRmTNHg9n2ghDDTwA%3D&ske=2023-06-23T15%3A43%3A41Z&skoid=09ba021e-c417-441c-b203-c81e5dcd7b7f&sks=b&skt=2023-06-16T15%3A43%3A41Z&sktid=33e01921-4d64-4f8c-a055-5bdaffd5e33d&skv=2020-10-02&sp=r&spr=https&sr=b&sv=2020-10-02
156,Teenage Mutant Ninja Turtles Set,207,$19.99,"Teenage Mutant Ninja Turtles Set, kid's toy",https://dalleproduse.blob.core.windows.net/private/images/5e6e5210-8009-4b3b-ab8d-0f0d510fb2ca/generated_00.png?se=2023-06-18T01%3A28%3A48Z&sig=u1%2B3bhpcxJ%2BmMzZ4y%2B4xBnIOhISJY%2BNRwSlbAj1LoI4%3D&ske=2023-06-23T07%3A22%3A14Z&skoid=09ba021e-c417-441c-b203-c81e5dcd7b7f&sks=b&skt=2023-06-16T07%3A22%3A14Z&sktid=33e01921-4d64-4f8c-a055-5bdaffd5e33d&skv=2020-10-02&sp=r&spr=https&sr=b&sv=2020-10-02
157,Terraforming Mars Game,208,$69.99,"Terraforming Mars Game, kid's toy",https://dalleproduse.blob.core.windows.net/private/images/9256cde9-5e7a-49c5-a21a-55c1a9d85167/generated_00.png?se=2023-06-18T01%3A28%3A52Z&sig=e3sWAgmCt4xBnhaJRNdgWRuarIt7PK8HBqj9DOptu8E%3D&ske=2023-06-23T07%3A22%3A14Z&skoid=09ba021e-c417-441c-b203-c81e5dcd7b7f&sks=b&skt=2023-06-16T07%3A22%3A14Z&sktid=33e01921-4d64-4f8c-a055-5bdaffd5e33d&skv=2020-10-02&sp=r&spr=https&sr=b&sv=2020-10-02
158,The Magic School Bus Science Set,209,$29.99,"The Magic School Bus Science Set, kid's toy",https://dalleproduse.blob.core.windows.net/private/images/1a55f759-c329-4751-9200-a39640930348/generated_00.png?se=2023-06-18T01%3A28%3A55Z&sig=wKV3U1zgqTBYrDXCQrxV8S9AKkEopgeYbNUaddrysdM%3D&ske=2023-06-23T07%3A22%3A14Z&skoid=09ba021e-c417-441c-b203-c81e5dcd7b7f&sks=b&skt=2023-06-16T07%3A22%3A14Z&sktid=33e01921-4d64-4f8c-a055-5bdaffd5e33d&skv=2020-10-02&sp=r&spr=https&sr=b&sv=2020-10-02
159,Tiny Tots Tool Set,211,$19.99,"Tiny Tots Tool Set, kid's toy",https://dalleproduse.blob.core.windows.net/private/images/c295099e-56e4-4200-838f-d08508111d01/generated_00.png?se=2023-06-18T01%3A29%3A00Z&sig=aKo%2FNq6nw9z%2FTOhLZzyBe1L8%2Bh8g13btR4eWUr%2Bx9bw%3D&ske=2023-06-23T07%3A22%3A14Z&skoid=09ba021e-c417-441c-b203-c81e5dcd7b7f&sks=b&skt=2023-06-16T07%3A22%3A14Z&sktid=33e01921-4d64-4f8c-a055-5bdaffd5e33d&skv=2020-10-02&sp=r&spr=https&sr=b&sv=2020-10-02
160,Toot-Toot Car Set,212,$29.99,"Toot-Toot Car Set, kid's toy",https://dalleproduse.blob.core.windows.net/private/images/4dc0170f-2280-4bb5-a9ad-4d1a6de1f757/generated_00.png?se=2023-06-18T01%3A29%3A02Z&sig=dTWVmbvXpUWl6JlsuoxYLpFA2a%2F8juG9sH7cizBinyo%3D&ske=2023-06-24T00%3A35%3A53Z&skoid=09ba021e-c417-441c-b203-c81e5dcd7b7f&sks=b&skt=2023-06-17T00%3A35%3A53Z&sktid=33e01921-4d64-4f8c-a055-5bdaffd5e33d&skv=2020-10-02&sp=r&spr=https&sr=b&sv=2020-10-02
161,Toy Doctor Kit,213,$19.99,"Toy Doctor Kit, kid's toy",https://dalleproduse.blob.core.windows.net/private/images/966f009e-9327-447f-a3e6-5b8f5f3029f0/generated_00.png?se=2023-06-18T01%3A29%3A05Z&sig=Dr7UVRCvYYZuBs538Eb1DKCejSW4fd3B4cV%2BH%2FxD3c4%3D&ske=2023-06-24T00%3A35%3A53Z&skoid=09ba021e-c417-441c-b203-c81e5dcd7b7f&sks=b&skt=2023-06-17T00%3A35%3A53Z&sktid=33e01921-4d64-4f8c-a055-5bdaffd5e33d&skv=2020-10-02&sp=r&spr=https&sr=b&sv=2020-10-02
162,Toy Fire Truck Set,214,$29.99,"Toy Fire Truck Set, kid's toy",https://dalleproduse.blob.core.windows.net/private/images/0ece0260-6a50-4671-8bbe-41ba378603f8/generated_00.png?se=2023-06-18T01%3A29%3A08Z&sig=kz3b7BtEKvt5wsXV9BfZ8qyYdkvnHYvkfmFQxQfTJpE%3D&ske=2023-06-23T07%3A22%3A14Z&skoid=09ba021e-c417-441c-b203-c81e5dcd7b7f&sks=b&skt=2023-06-16T07%3A22%3A14Z&sktid=33e01921-4d64-4f8c-a055-5bdaffd5e33d&skv=2020-10-02&sp=r&spr=https&sr=b&sv=2020-10-02
163,Treehouse Play Set,218,$399.99,"Treehouse Play Set, kid's toy",https://dalleproduse.blob.core.windows.net/private/images/39f55514-babc-4171-a658-cffdc20aa094/generated_00.png?se=2023-06-18T01%3A29%3A10Z&sig=TuGcEv4dx1jS8yD00EdepeW2w41FsqkULJPYJFXCt1g%3D&ske=2023-06-23T15%3A43%3A41Z&skoid=09ba021e-c417-441c-b203-c81e5dcd7b7f&sks=b&skt=2023-06-16T15%3A43%3A41Z&sktid=33e01921-4d64-4f8c-a055-5bdaffd5e33d&skv=2020-10-02&sp=r&spr=https&sr=b&sv=2020-10-02
164,Triassic T-Rex Dinosaur Set,219,$29.99,"Triassic T-Rex Dinosaur Set, kid's toy",https://dalleproduse.blob.core.windows.net/private/images/b13f4715-9703-4305-b6b0-35c754676a36/generated_00.png?se=2023-06-18T01%3A29%3A13Z&sig=Y%2Fj3pl2n4EcwLV6newN3FZPjLhnjI8inkkkP5j6yLp0%3D&ske=2023-06-23T07%3A22%3A14Z&skoid=09ba021e-c417-441c-b203-c81e5dcd7b7f&sks=b&skt=2023-06-16T07%3A22%3A14Z&sktid=33e01921-4d64-4f8c-a055-5bdaffd5e33d&skv=2020-10-02&sp=r&spr=https&sr=b&sv=2020-10-02
165,Triceratops Dinosaur Set,220,$24.99,"Triceratops Dinosaur Set, kid's toy",https://dalleproduse.blob.core.windows.net/private/images/17e68fcc-7544-486a-a659-1c77d88ea05f/generated_00.png?se=2023-06-18T01%3A29%3A16Z&sig=K%2BswGFprGuBl%2BIzntg4SVUokEGLen1eqj9Kq%2B0mOUM0%3D&ske=2023-06-23T07%3A22%3A14Z&skoid=09ba021e-c417-441c-b203-c81e5dcd7b7f&sks=b&skt=2023-06-16T07%3A22%3A14Z&sktid=33e01921-4d64-4f8c-a055-5bdaffd5e33d&skv=2020-10-02&sp=r&spr=https&sr=b&sv=2020-10-02
166,Truck and Trailer Set,221,$29.99,"Truck and Trailer Set, kid's toy",https://dalleproduse.blob.core.windows.net/private/images/772bbb77-7b7a-4ea4-8d57-57ee5e58ddf7/generated_00.png?se=2023-06-18T01%3A29%3A18Z&sig=GKIkFe8mJe9SnPRtr8kglHZLdbscVOXJY%2Fg85aTkJgo%3D&ske=2023-06-24T00%3A35%3A53Z&skoid=09ba021e-c417-441c-b203-c81e5dcd7b7f&sks=b&skt=2023-06-17T00%3A35%3A53Z&sktid=33e01921-4d64-4f8c-a055-5bdaffd5e33d&skv=2020-10-02&sp=r&spr=https&sr=b&sv=2020-10-02
167,Underwater Adventure Play Set,222,$24.99,"Underwater Adventure Play Set, kid's toy",https://dalleproduse.blob.core.windows.net/private/images/72f44ac6-c2f1-4593-9e98-5ec3bef8ef0b/generated_00.png?se=2023-06-18T01%3A29%3A21Z&sig=E3j9KogEF3IxFfq0Sa371CNurCAxZf%2BeK8Tzgpjn50s%3D&ske=2023-06-23T15%3A43%3A41Z&skoid=09ba021e-c417-441c-b203-c81e5dcd7b7f&sks=b&skt=2023-06-16T15%3A43%3A41Z&sktid=33e01921-4d64-4f8c-a055-5bdaffd5e33d&skv=2020-10-02&sp=r&spr=https&sr=b&sv=2020-10-02
168,"Up, Up, and Away Hot Air Balloon Set",225,$29.99,"Up, Up, and Away Hot Air Balloon Set, kid's toy",https://dalleproduse.blob.core.windows.net/private/images/ef5ee93c-d388-4bc9-97bb-790ac4add54a/generated_00.png?se=2023-06-18T01%3A29%3A24Z&sig=CoMO%2FzIecoJcx1OAHxE2rhSCvHAlHsim77PqnffzBBM%3D&ske=2023-06-23T15%3A43%3A41Z&skoid=09ba021e-c417-441c-b203-c81e5dcd7b7f&sks=b&skt=2023-06-16T15%3A43%3A41Z&sktid=33e01921-4d64-4f8c-a055-5bdaffd5e33d&skv=2020-10-02&sp=r&spr=https&sr=b&sv=2020-10-02
169,Vroom Vroom Car Set,228,$29.99,"Vroom Vroom Car Set, kid's toy",https://dalleproduse.blob.core.windows.net/private/images/6877300e-d7b6-4e2e-82e2-4d336c33d593/generated_00.png?se=2023-06-18T01%3A29%3A26Z&sig=cLTiizYicmbBl%2BKc2I4U%2FrCzFESuUrLPo2xsAszL6E0%3D&ske=2023-06-23T07%3A22%3A14Z&skoid=09ba021e-c417-441c-b203-c81e5dcd7b7f&sks=b&skt=2023-06-16T07%3A22%3A14Z&sktid=33e01921-4d64-4f8c-a055-5bdaffd5e33d&skv=2020-10-02&sp=r&spr=https&sr=b&sv=2020-10-02
170,Western Cowboy Play Set,231,$29.99,"Western Cowboy Play Set, kid's toy",https://dalleproduse.blob.core.windows.net/private/images/53e904a8-34f0-4315-9829-0a5c61a4472e/generated_00.png?se=2023-06-18T01%3A29%3A29Z&sig=K5roHQbtLivMko8KybVLq62DO60muwFOHmKD2NxTwck%3D&ske=2023-06-24T00%3A35%3A53Z&skoid=09ba021e-c417-441c-b203-c81e5dcd7b7f&sks=b&skt=2023-06-17T00%3A35%3A53Z&sktid=33e01921-4d64-4f8c-a055-5bdaffd5e33d&skv=2020-10-02&sp=r&spr=https&sr=b&sv=2020-10-02
171,Winter Wonderland Play Set,233,$29.99,"Winter Wonderland Play Set, kid's toy",https://dalleproduse.blob.core.windows.net/private/images/87534b67-349d-4e5e-80a0-b2ab62cd2626/generated_00.png?se=2023-06-18T01%3A29%3A32Z&sig=4dCOkBx0L65doKgABLrcZb86Y7FXqCMkTcYtE0h%2BoBI%3D&ske=2023-06-23T15%3A43%3A41Z&skoid=09ba021e-c417-441c-b203-c81e5dcd7b7f&sks=b&skt=2023-06-16T15%3A43%3A41Z&sktid=33e01921-4d64-4f8c-a055-5bdaffd5e33d&skv=2020-10-02&sp=r&spr=https&sr=b&sv=2020-10-02
172,Wizard's Castle Play Set,234,$49.99,"Wizard's Castle Play Set, kid's toy",https://dalleproduse.blob.core.windows.net/private/images/ca3da504-34e2-491b-8bd9-6cc21180ee4b/generated_00.png?se=2023-06-18T01%3A29%3A34Z&sig=FY9vcbHs16Sz5nZgE%2FsykdHWg0szj36AnipAQM79aVA%3D&ske=2023-06-23T07%3A22%3A14Z&skoid=09ba021e-c417-441c-b203-c81e5dcd7b7f&sks=b&skt=2023-06-16T07%3A22%3A14Z&sktid=33e01921-4d64-4f8c-a055-5bdaffd5e33d&skv=2020-10-02&sp=r&spr=https&sr=b&sv=2020-10-02
173,Wooden Block Variety Set,235,$29.99,"Wooden Block Variety Set, kid's toy",https://dalleproduse.blob.core.windows.net/private/images/9dbfbc5f-6006-4eeb-8294-a78f3cb5de97/generated_00.png?se=2023-06-18T01%3A29%3A37Z&sig=Z1Y994JdEheX5xMx%2FxVExgk41ZPScalkqRAxt%2B65xeg%3D&ske=2023-06-23T07%3A22%3A14Z&skoid=09ba021e-c417-441c-b203-c81e5dcd7b7f&sks=b&skt=2023-06-16T07%3A22%3A14Z&sktid=33e01921-4d64-4f8c-a055-5bdaffd5e33d&skv=2020-10-02&sp=r&spr=https&sr=b&sv=2020-10-02
174,World Map Jigsaw Puzzle Set,236,$15.99,"World Map Jigsaw Puzzle Set, kid's toy",https://dalleproduse.blob.core.windows.net/private/images/244b9d05-201d-493e-bb5e-555f420e3bdf/generated_00.png?se=2023-06-18T01%3A29%3A40Z&sig=vdoz%2Bd%2BAFgDAS7Hrs4vtn5G4gMfYL9gBC3qzFqCyEX4%3D&ske=2023-06-23T07%3A22%3A14Z&skoid=09ba021e-c417-441c-b203-c81e5dcd7b7f&sks=b&skt=2023-06-16T07%3A22%3A14Z&sktid=33e01921-4d64-4f8c-a055-5bdaffd5e33d&skv=2020-10-02&sp=r&spr=https&sr=b&sv=2020-10-02
175,Wrestling Action Figures Set,238,$29.99,"Wrestling Action Figures Set, kid's toy",https://dalleproduse.blob.core.windows.net/private/images/f80a1fd0-74ef-489f-b79c-a11cc60a1ab0/generated_00.png?se=2023-06-18T01%3A29%3A42Z&sig=%2B%2FSx4Qg7Iiu0I2mHCrT0a%2BcyR2NoB7dSpuLR%2FxSJ8uc%3D&ske=2023-06-23T07%3A22%3A14Z&skoid=09ba021e-c417-441c-b203-c81e5dcd7b7f&sks=b&skt=2023-06-16T07%3A22%3A14Z&sktid=33e01921-4d64-4f8c-a055-5bdaffd5e33d&skv=2020-10-02&sp=r&spr=https&sr=b&sv=2020-10-02
176,Xylophone Music Set,239,$25.99,"Xylophone Music Set, kid's toy",https://dalleproduse.blob.core.windows.net/private/images/77cbcd49-a1fc-4dbd-817a-0a73230ebb7e/generated_00.png?se=2023-06-18T01%3A29%3A45Z&sig=FpNC%2FFQhYap1pi70L03E5U6lh6P74q0sAh%2B3FpYLyK0%3D&ske=2023-06-24T00%3A35%3A53Z&skoid=09ba021e-c417-441c-b203-c81e5dcd7b7f&sks=b&skt=2023-06-17T00%3A35%3A53Z&sktid=33e01921-4d64-4f8c-a055-5bdaffd5e33d&skv=2020-10-02&sp=r&spr=https&sr=b&sv=2020-10-02
177,Yo-Yo Trick Set,240,$9.99,"Yo-Yo Trick Set, kid's toy",https://dalleproduse.blob.core.windows.net/private/images/126c1742-e5dc-4a8c-a2d5-115f9435de65/generated_00.png?se=2023-06-18T01%3A29%3A48Z&sig=oKBvKakF%2FhCj3T9kR8ZtzxhnKWqVVXoJvHEfLuFXpCA%3D&ske=2023-06-24T00%3A35%3A53Z&skoid=09ba021e-c417-441c-b203-c81e5dcd7b7f&sks=b&skt=2023-06-17T00%3A35%3A53Z&sktid=33e01921-4d64-4f8c-a055-5bdaffd5e33d&skv=2020-10-02&sp=r&spr=https&sr=b&sv=2020-10-02
178,Yoga Fun Mat Set,241,$29.99,"Yoga Fun Mat Set, kid's toy",https://dalleproduse.blob.core.windows.net/private/images/f5f5873a-1eb0-4013-89f4-fa9c320a83f6/generated_00.png?se=2023-06-18T01%3A29%3A50Z&sig=6ErdRsyBKAXMwDueQ2FdKyfrwasacOcwZ5ItjL%2FnGCg%3D&ske=2023-06-24T00%3A35%3A53Z&skoid=09ba021e-c417-441c-b203-c81e5dcd7b7f&sks=b&skt=2023-06-17T00%3A35%3A53Z&sktid=33e01921-4d64-4f8c-a055-5bdaffd5e33d&skv=2020-10-02&sp=r&spr=https&sr=b&sv=2020-10-02
179,Yoohoo and Friends Play Set,242,$19.99,"Yoohoo and Friends Play Set, kid's toy",https://dalleproduse.blob.core.windows.net/private/images/96e4ac2f-7ae6-421b-8bd5-20c75ddd3a4d/generated_00.png?se=2023-06-18T01%3A29%3A53Z&sig=TjReiM1UfPLbeVTBoi2c8v9pfShRGunM%2FrubYk97ywU%3D&ske=2023-06-23T15%3A43%3A41Z&skoid=09ba021e-c417-441c-b203-c81e5dcd7b7f&sks=b&skt=2023-06-16T15%3A43%3A41Z&sktid=33e01921-4d64-4f8c-a055-5bdaffd5e33d&skv=2020-10-02&sp=r&spr=https&sr=b&sv=2020-10-02
180,Zippy Zoo Play Set,244,$29.99,"Zippy Zoo Play Set, kid's toy",https://dalleproduse.blob.core.windows.net/private/images/83ede2c4-bcb0-4caa-b8e2-72430c4faaa6/generated_00.png?se=2023-06-18T01%3A29%3A56Z&sig=6kiCShfuNXOoyqaM2t%2B0j1evl%2B48URUtlpcB7%2Bu6yDY%3D&ske=2023-06-23T15%3A43%3A41Z&skoid=09ba021e-c417-441c-b203-c81e5dcd7b7f&sks=b&skt=2023-06-16T15%3A43%3A41Z&sktid=33e01921-4d64-4f8c-a055-5bdaffd5e33d&skv=2020-10-02&sp=r&spr=https&sr=b&sv=2020-10-02
181,Zooming Race Car Set,247,$29.99,"Zooming Race Car Set, kid's toy",https://dalleproduse.blob.core.windows.net/private/images/00be8ef7-650f-4ca5-a8be-a1d1002c67d2/generated_00.png?se=2023-06-18T01%3A29%3A58Z&sig=kJeAwR86ZMoZayJghAjDcjviYD3cQz3nnz8sCMh4PwA%3D&ske=2023-06-23T15%3A43%3A41Z&skoid=09ba021e-c417-441c-b203-c81e5dcd7b7f&sks=b&skt=2023-06-16T15%3A43%3A41Z&sktid=33e01921-4d64-4f8c-a055-5bdaffd5e33d&skv=2020-10-02&sp=r&spr=https&sr=b&sv=2020-10-02
182,Zodiac Star Sign Play Set,249,$29.99,"Zodiac Star Sign Play Set, kid's toy",https://dalleproduse.blob.core.windows.net/private/images/6f32f3b6-74aa-47f7-a13f-4f4c7b41e33c/generated_00.png?se=2023-06-18T01%3A30%3A01Z&sig=r3ACUlJhqL%2BCRn9KwtELntP28UAoIsAopjJmafN8p3s%3D&ske=2023-06-24T00%3A35%3A53Z&skoid=09ba021e-c417-441c-b203-c81e5dcd7b7f&sks=b&skt=2023-06-17T00%3A35%3A53Z&sktid=33e01921-4d64-4f8c-a055-5bdaffd5e33d&skv=2020-10-02&sp=r&spr=https&sr=b&sv=2020-10-02
183,Zigzag Race Set,250,$29.99,"Zigzag Race Set, kid's toy",https://dalleproduse.blob.core.windows.net/private/images/ba4be434-17cc-4833-a154-91ad9cfcdb02/generated_00.png?se=2023-06-18T01%3A30%3A04Z&sig=aRP8xe0Czpv%2FQE1EeGe4qKF2dsw8JRHsiUME9HwgVb4%3D&ske=2023-06-23T15%3A43%3A41Z&skoid=09ba021e-c417-441c-b203-c81e5dcd7b7f&sks=b&skt=2023-06-16T15%3A43%3A41Z&sktid=33e01921-4d64-4f8c-a055-5bdaffd5e33d&skv=2020-10-02&sp=r&spr=https&sr=b&sv=2020-10-02
184,Zookeeper Play Set,251,$29.99,"Zookeeper Play Set, kid's toy",https://dalleproduse.blob.core.windows.net/private/images/776bb8ad-2f36-4f4d-9b2b-caa51b4f70a5/generated_00.png?se=2023-06-18T01%3A30%3A06Z&sig=p7%2BoEleNVIUgS6MGbDO2vCHt2IjsUnsFXn%2FdKGZfVyE%3D&ske=2023-06-23T07%3A22%3A14Z&skoid=09ba021e-c417-441c-b203-c81e5dcd7b7f&sks=b&skt=2023-06-16T07%3A22%3A14Z&sktid=33e01921-4d64-4f8c-a055-5bdaffd5e33d&skv=2020-10-02&sp=r&spr=https&sr=b&sv=2020-10-02
185,Zoo Train Play Set,252,$29.99,"Zoo Train Play Set, kid's toy",https://dalleproduse.blob.core.windows.net/private/images/2121264e-bd01-4fa5-9bf4-095535d666f6/generated_00.png?se=2023-06-18T01%3A30%3A09Z&sig=W4qn9Hs3s%2FSw8CYft3BqxHNXaMEHGNwyUqhqovOfLzQ%3D&ske=2023-06-23T15%3A43%3A41Z&skoid=09ba021e-c417-441c-b203-c81e5dcd7b7f&sks=b&skt=2023-06-16T15%3A43%3A41Z&sktid=33e01921-4d64-4f8c-a055-5bdaffd5e33d&skv=2020-10-02&sp=r&spr=https&sr=b&sv=2020-10-02
186,Zip Line Adventure Set,253,$79.99,"Zip Line Adventure Set, kid's toy",https://dalleproduse.blob.core.windows.net/private/images/69eb34c6-436c-4d53-b665-b0b3e4e5d520/generated_00.png?se=2023-06-18T01%3A30%3A12Z&sig=avbGUQKIaVR8RvoSFPhtuG3uh%2Fg2iVxnwlQvHu8iOMA%3D&ske=2023-06-23T15%3A43%3A41Z&skoid=09ba021e-c417-441c-b203-c81e5dcd7b7f&sks=b&skt=2023-06-16T15%3A43%3A41Z&sktid=33e01921-4d64-4f8c-a055-5bdaffd5e33d&skv=2020-10-02&sp=r&spr=https&sr=b&sv=2020-10-02
187,Zoo Animals Play Set,257,$24.99,"Zoo Animals Play Set, kid's toy",https://dalleproduse.blob.core.windows.net/private/images/0762bf3d-5427-4989-a918-7fc13fca833d/generated_00.png?se=2023-06-18T01%3A30%3A14Z&sig=f%2BY8Syluz88n57SWb0xtagbWqGzMBjlk7pkr5FOnx8w%3D&ske=2023-06-23T07%3A22%3A14Z&skoid=09ba021e-c417-441c-b203-c81e5dcd7b7f&sks=b&skt=2023-06-16T07%3A22%3A14Z&sktid=33e01921-4d64-4f8c-a055-5bdaffd5e33d&skv=2020-10-02&sp=r&spr=https&sr=b&sv=2020-10-02
188,Zestful Zoo Play Set,258,$29.99,"Zestful Zoo Play Set, kid's toy",https://dalleproduse.blob.core.windows.net/private/images/5738bb5b-a9ce-45ff-ac25-c1e44b6f3939/generated_00.png?se=2023-06-18T01%3A30%3A17Z&sig=K%2Bews9Wm9lFBmGRlfHvCj%2BRSRwUGCcQaExbqo9FWRDw%3D&ske=2023-06-23T07%3A22%3A14Z&skoid=09ba021e-c417-441c-b203-c81e5dcd7b7f&sks=b&skt=2023-06-16T07%3A22%3A14Z&sktid=33e01921-4d64-4f8c-a055-5bdaffd5e33d&skv=2020-10-02&sp=r&spr=https&sr=b&sv=2020-10-02
189,Zen Garden Play Set,261,$19.99,"Zen Garden Play Set, kid's toy",https://dalleproduse.blob.core.windows.net/private/images/b3d2dddd-0398-4ef1-8363-224f825aafd1/generated_00.png?se=2023-06-18T01%3A30%3A20Z&sig=w3jiwK6jb42Sd0pw%2F1orJVJS0o4GWhzy9jV4hsIimz0%3D&ske=2023-06-23T07%3A22%3A14Z&skoid=09ba021e-c417-441c-b203-c81e5dcd7b7f&sks=b&skt=2023-06-16T07%3A22%3A14Z&sktid=33e01921-4d64-4f8c-a055-5bdaffd5e33d&skv=2020-10-02&sp=r&spr=https&sr=b&sv=2020-10-02
190,Zingy Zebra Play Set,263,$29.99,"Zingy Zebra Play Set, kid's toy",https://dalleproduse.blob.core.windows.net/private/images/d951f594-cbf9-46dc-bf2e-27217da48cb1/generated_00.png?se=2023-06-18T01%3A30%3A22Z&sig=ggps5XCznyEhSKUlnF%2FBKFozKigyvlHuJpCrqxcIHvc%3D&ske=2023-06-24T00%3A35%3A53Z&skoid=09ba021e-c417-441c-b203-c81e5dcd7b7f&sks=b&skt=2023-06-17T00%3A35%3A53Z&sktid=33e01921-4d64-4f8c-a055-5bdaffd5e33d&skv=2020-10-02&sp=r&spr=https&sr=b&sv=2020-10-02
191,Zany Zoo Play Set,265,$39.99,"Zany Zoo Play Set, kid's toy",https://dalleproduse.blob.core.windows.net/private/images/2a385756-cce1-4e38-8d8e-926e00cb1aa1/generated_00.png?se=2023-06-18T01%3A30%3A25Z&sig=lYpnni3iDMAyjMZ%2B4ipgi3i4Lg8P0zYjwcOAeWXvTko%3D&ske=2023-06-23T15%3A43%3A41Z&skoid=09ba021e-c417-441c-b203-c81e5dcd7b7f&sks=b&skt=2023-06-16T15%3A43%3A41Z&sktid=33e01921-4d64-4f8c-a055-5bdaffd5e33d&skv=2020-10-02&sp=r&spr=https&sr=b&sv=2020-10-02
192,Zephyr Zone Play Set,269,$39.99,"Zephyr Zone Play Set, kid's toy",https://dalleproduse.blob.core.windows.net/private/images/ab92eea2-04d8-4d6a-8832-faa3c37f9be4/generated_00.png?se=2023-06-18T01%3A30%3A28Z&sig=402WJIK%2FBhqfr0vq4Qz9VS%2FM2U2nUJauCnVFu3El0dk%3D&ske=2023-06-23T07%3A22%3A14Z&skoid=09ba021e-c417-441c-b203-c81e5dcd7b7f&sks=b&skt=2023-06-16T07%3A22%3A14Z&sktid=33e01921-4d64-4f8c-a055-5bdaffd5e33d&skv=2020-10-02&sp=r&spr=https&sr=b&sv=2020-10-02
193,Zig Zag Road Racing Set,270,$29.99,"Zig Zag Road Racing Set, kid's toy",https://dalleproduse.blob.core.windows.net/private/images/7c1552bf-5605-4f02-b2f5-656f47547904/generated_00.png?se=2023-06-18T01%3A30%3A30Z&sig=uPEbdcaWUO0AQof8t8V8%2FekdeeihTUwYYSqCSBsXaIQ%3D&ske=2023-06-24T00%3A35%3A53Z&skoid=09ba021e-c417-441c-b203-c81e5dcd7b7f&sks=b&skt=2023-06-17T00%3A35%3A53Z&sktid=33e01921-4d64-4f8c-a055-5bdaffd5e33d&skv=2020-10-02&sp=r&spr=https&sr=b&sv=2020-10-02
194,Zingy Zipper Play Set,272,$19.99,"Zingy Zipper Play Set, kid's toy",https://dalleproduse.blob.core.windows.net/private/images/5109695a-fdd9-452f-840d-ab71ecd646fa/generated_00.png?se=2023-06-18T01%3A30%3A33Z&sig=AWJb86to5UyAeUeQfGo6dtswcG6rnvxJ1VZ4fHiN5WU%3D&ske=2023-06-24T00%3A35%3A53Z&skoid=09ba021e-c417-441c-b203-c81e5dcd7b7f&sks=b&skt=2023-06-17T00%3A35%3A53Z&sktid=33e01921-4d64-4f8c-a055-5bdaffd5e33d&skv=2020-10-02&sp=r&spr=https&sr=b&sv=2020-10-02
195,Zany Zoological Play Set,273,$29.99,"Zany Zoological Play Set, kid's toy",https://dalleproduse.blob.core.windows.net/private/images/2fff4377-10cf-4c19-9f6b-7c082e5971ef/generated_00.png?se=2023-06-18T01%3A30%3A36Z&sig=2eyy6j39Axj2FuX5817bgwBkAIsfaGec1nOJDrZUgBQ%3D&ske=2023-06-23T15%3A43%3A41Z&skoid=09ba021e-c417-441c-b203-c81e5dcd7b7f&sks=b&skt=2023-06-16T15%3A43%3A41Z&sktid=33e01921-4d64-4f8c-a055-5bdaffd5e33d&skv=2020-10-02&sp=r&spr=https&sr=b&sv=2020-10-02
196,Zippy Zebra Play Set,274,$29.99,"Zippy Zebra Play Set, kid's toy",https://dalleproduse.blob.core.windows.net/private/images/a2badf05-cfd4-4898-8f03-6f020a97bf26/generated_00.png?se=2023-06-18T01%3A30%3A38Z&sig=n1opx9Dx7Ft9RLdgbeqBbjOa90jkTZEXQ6ezgoO3Nyk%3D&ske=2023-06-23T07%3A22%3A14Z&skoid=09ba021e-c417-441c-b203-c81e5dcd7b7f&sks=b&skt=2023-06-16T07%3A22%3A14Z&sktid=33e01921-4d64-4f8c-a055-5bdaffd5e33d&skv=2020-10-02&sp=r&spr=https&sr=b&sv=2020-10-02
197,Zen Monkey Play Set,277,$24.99,"Zen Monkey Play Set, kid's toy",https://dalleproduse.blob.core.windows.net/private/images/e32b79f6-4fb6-45c4-9b01-3ab6096c9d08/generated_00.png?se=2023-06-18T01%3A30%3A42Z&sig=kQ6vPC3a%2FPAPRzvqRyb7%2BdCxEUEVYAJhgZ1Bww%2BmEAQ%3D&ske=2023-06-23T15%3A43%3A41Z&skoid=09ba021e-c417-441c-b203-c81e5dcd7b7f&sks=b&skt=2023-06-16T15%3A43%3A41Z&sktid=33e01921-4d64-4f8c-a055-5bdaffd5e33d&skv=2020-10-02&sp=r&spr=https&sr=b&sv=2020-10-02
198,Zero Gravity Flight Set,279,$39.99,"Zero Gravity Flight Set, kid's toy",https://dalleproduse.blob.core.windows.net/private/images/99ebbf0c-61a2-481d-98df-49dbe7266f5e/generated_00.png?se=2023-06-18T01%3A30%3A44Z&sig=arFGtrU7IobwsvOgke4mQn2drrl6yEIlS5Teww9beTA%3D&ske=2023-06-24T00%3A35%3A53Z&skoid=09ba021e-c417-441c-b203-c81e5dcd7b7f&sks=b&skt=2023-06-17T00%3A35%3A53Z&sktid=33e01921-4d64-4f8c-a055-5bdaffd5e33d&skv=2020-10-02&sp=r&spr=https&sr=b&sv=2020-10-02
199,Zooming Rocket Launch Set,280,$29.99,"Zooming Rocket Launch Set, kid's toy",https://dalleproduse.blob.core.windows.net/private/images/2b2f6b5b-b8f1-4c43-aa65-fdc49f95e96a/generated_00.png?se=2023-06-18T01%3A30%3A52Z&sig=%2B2OcqzaFS7i2EPGYnx5Wg2wCOMlBBzhsKBrVP3IJ%2BI4%3D&ske=2023-06-24T00%3A35%3A53Z&skoid=09ba021e-c417-441c-b203-c81e5dcd7b7f&sks=b&skt=2023-06-17T00%3A35%3A53Z&sktid=33e01921-4d64-4f8c-a055-5bdaffd5e33d&skv=2020-10-02&sp=r&spr=https&sr=b&sv=2020-10-02
200,Zigzagging Slope Play Set,281,$39.99,"Zigzagging Slope Play Set, kid's toy",https://dalleproduse.blob.core.windows.net/private/images/b77b6b7d-c6dc-47a5-8045-2a7e9f19037a/generated_00.png?se=2023-06-18T01%3A30%3A57Z&sig=CmaJ4XLH9aanA4fGPvCasQ86J1xbq484hcVQo1IGEi8%3D&ske=2023-06-24T00%3A35%3A53Z&skoid=09ba021e-c417-441c-b203-c81e5dcd7b7f&sks=b&skt=2023-06-17T00%3A35%3A53Z&sktid=33e01921-4d64-4f8c-a055-5bdaffd5e33d&skv=2020-10-02&sp=r&spr=https&sr=b&sv=2020-10-02
201,Zany Zealot Set,282,$29.99,"Zany Zealot Set, kid's toy",https://dalleproduse.blob.core.windows.net/private/images/bf487c6e-e8f7-42f7-9776-6d618931fdea/generated_00.png?se=2023-06-18T01%3A31%3A07Z&sig=em%2Fft0D3F6yW0f281U4ypguOzP%2FIFBoiHL05wbx2BHM%3D&ske=2023-06-23T15%3A43%3A41Z&skoid=09ba021e-c417-441c-b203-c81e5dcd7b7f&sks=b&skt=2023-06-16T15%3A43%3A41Z&sktid=33e01921-4d64-4f8c-a055-5bdaffd5e33d&skv=2020-10-02&sp=r&spr=https&sr=b&sv=2020-10-02
202,Zippy Zipper Set,283,$14.99,"Zippy Zipper Set, kid's toy",https://dalleproduse.blob.core.windows.net/private/images/8fb56061-befa-48e8-b0b0-80e3025b8017/generated_00.png?se=2023-06-18T01%3A31%3A11Z&sig=Mz0LpJPH8oo%2BIBIMdd%2F5Si%2F9dA%2Fj%2FozacGHiGj1GyZo%3D&ske=2023-06-23T07%3A22%3A14Z&skoid=09ba021e-c417-441c-b203-c81e5dcd7b7f&sks=b&skt=2023-06-16T07%3A22%3A14Z&sktid=33e01921-4d64-4f8c-a055-5bdaffd5e33d&skv=2020-10-02&sp=r&spr=https&sr=b&sv=2020-10-02
203,Zombie Survival Play Set,287,$19.99,"Zombie Survival Play Set, kid's toy",https://dalleproduse.blob.core.windows.net/private/images/34d767ae-37e3-4fd9-ab15-b18a4983c062/generated_00.png?se=2023-06-18T01%3A31%3A12Z&sig=BiIdgEgfkH9SjEQUTHJfQx%2Fw4PFCrsnSL1ULvUjYfhk%3D&ske=2023-06-23T07%3A22%3A14Z&skoid=09ba021e-c417-441c-b203-c81e5dcd7b7f&sks=b&skt=2023-06-16T07%3A22%3A14Z&sktid=33e01921-4d64-4f8c-a055-5bdaffd5e33d&skv=2020-10-02&sp=r&spr=https&sr=b&sv=2020-10-02
204,Zipping Funfair Play Set,288,$39.99,"Zipping Funfair Play Set, kid's toy",https://dalleproduse.blob.core.windows.net/private/images/53fa9daf-b89f-4a7f-878a-b541d6bf9023/generated_00.png?se=2023-06-18T01%3A31%3A17Z&sig=DYIe2YZRM1yRBqx6h0EGY3U8lqDaUQApbM2U8b%2BM16E%3D&ske=2023-06-24T00%3A35%3A53Z&skoid=09ba021e-c417-441c-b203-c81e5dcd7b7f&sks=b&skt=2023-06-17T00%3A35%3A53Z&sktid=33e01921-4d64-4f8c-a055-5bdaffd5e33d&skv=2020-10-02&sp=r&spr=https&sr=b&sv=2020-10-02
205,Zigzagging Slot Car Set,290,$49.99,"Zigzagging Slot Car Set, kid's toy",https://dalleproduse.blob.core.windows.net/private/images/2d48fe2c-9eeb-4a41-914d-f18ca4d1c87d/generated_00.png?se=2023-06-18T01%3A31%3A22Z&sig=1dSRhCW3U2uLHrMFCcSWsaZePperXTqZWp7TO6d9Co4%3D&ske=2023-06-23T15%3A43%3A41Z&skoid=09ba021e-c417-441c-b203-c81e5dcd7b7f&sks=b&skt=2023-06-16T15%3A43%3A41Z&sktid=33e01921-4d64-4f8c-a055-5bdaffd5e33d&skv=2020-10-02&sp=r&spr=https&sr=b&sv=2020-10-02
206,Zany Zebra Play Set,292,$24.99,"Zany Zebra Play Set, kid's toy",https://dalleproduse.blob.core.windows.net/private/images/be6b12f1-580a-4bae-ab2a-50695474ce75/generated_00.png?se=2023-06-18T01%3A31%3A27Z&sig=BiMRZRqfSw0AC%2FOep%2Fkr03SP0j1DqsM5FVsR2AgDLHw%3D&ske=2023-06-23T15%3A43%3A41Z&skoid=09ba021e-c417-441c-b203-c81e5dcd7b7f&sks=b&skt=2023-06-16T15%3A43%3A41Z&sktid=33e01921-4d64-4f8c-a055-5bdaffd5e33d&skv=2020-10-02&sp=r&spr=https&sr=b&sv=2020-10-02
207,Zany Zipline Adventure Set,299,$69.99,"Zany Zipline Adventure Set, kid's toy",https://dalleproduse.blob.core.windows.net/private/images/a8dfe314-af1c-4716-a365-ab4a000478cc/generated_00.png?se=2023-06-18T01%3A31%3A31Z&sig=TJ9GfOPJyv6SR04tRQ9SNol4lv6Rn96AES%2F8a2KNArY%3D&ske=2023-06-23T07%3A22%3A14Z&skoid=09ba021e-c417-441c-b203-c81e5dcd7b7f&sks=b&skt=2023-06-16T07%3A22%3A14Z&sktid=33e01921-4d64-4f8c-a055-5bdaffd5e33d&skv=2020-10-02&sp=r&spr=https&sr=b&sv=2020-10-02
208,Zippy Zookeeper Adventure Set,300,$29.99,"Zippy Zookeeper Adventure Set, kid's toy",https://dalleproduse.blob.core.windows.net/private/images/a6ca49f3-cbe0-444e-b428-9157c4de2a02/generated_00.png?se=2023-06-18T01%3A31%3A36Z&sig=IFixHYo1FLY4aNOOGmoD3Kv8k9eL9RFG%2FLwy33Di%2Bnw%3D&ske=2023-06-24T00%3A35%3A53Z&skoid=09ba021e-c417-441c-b203-c81e5dcd7b7f&sks=b&skt=2023-06-17T00%3A35%3A53Z&sktid=33e01921-4d64-4f8c-a055-5bdaffd5e33d&skv=2020-10-02&sp=r&spr=https&sr=b&sv=2020-10-02
